,post_id,content_series,post_content
0,14299368,1,"Flamengo | Hoje, o Flamengo chora. Perdemos um dos nossos. Adenir Silva, o nosso Deni, nos deixou aos 75 anos. Um pilar de nossos valores, um s ... | Instagram"
1,14329567,1,"Flamengo | O nÃºmero 7 Ã© associado com a sabedoria. Essa histÃ³ria comeÃ§ou em 2017, quando um casal decidiu voltar ao Brasil. Era um momento que... | Instagram"
2,15784184,1,"Flamengo | Fim de jogo. BolÃ­var 2 x 1 Flamengo.#CRF #VamosFlamengoğŸ“¸ Gilvan de Souza / CRF | Instagram"
3,15073739,1,"Flamengo | O Clube de Regatas do Flamengo informa que o ex-atleta Filipe LuÃ­s Ã© o novo tÃ©cnico do Sub-17 rubro-negro. O profissional inicia os tr... | Instagram"
4,16456062,1,"Flamengo | FIMMMMM DE JOGO em Manaus! O MENGÃƒO estreia com o pÃ© direito no @Cariocao! Goleada de 4 a 0 sobre o Audax com gols de LÃ©o Pereira, Ped... | Instagram"
5,15737650,1,"Flamengo | Nascido pra eternidade. Nascido pra essas cores...Gabriel Barbosa, Gabi... gol. HÃ¡ exatos cinco anos, nossos destinos se entrelaÃ§avam... | Instagram"
6,16573425,1,"Flamengo | FIMMMMM DE JOGO no Serra Dourada! O MENGÃƒO vence o AtlÃ©tico-GO por 2 a 1, pelo BrasileirÃ£o, com gols de De La Cruz e Pedro! #CRF #Va... | Instagram"
7,15214902,1,"Flamengo | ALÃ”, NAÃ‡ÃƒO! #ERGAATAÃ‡A - MAIS UMA PRA CONTA! PELA 38Âª VEZ, FLAMENGO NO TOPO DO RIO DE JANEIRO! | Instagram"
8,16985251,1,"Flamengo | Fim de jogo em BogotÃ¡. O Flamengo fica no empate em 1 a 1 com o Millonarios.#VamosFlamengo #CRF | Instagram"
9,15900255,1,"Flamengo | Nova temporada, novo nÃºmero! ğŸ”´âš«ï¸Pra cima, LA7ï¸âƒ£! #VamosFlamengo #CRF ğŸ“¸: Marcelo Cortes /CRF | Instagram"
10,16007757,1,"Flamengo | HOJE TEM MENGÃƒO NO CAMPEONATO CARIOCA! Ã€s 21h30 (horÃ¡rio de BrasÃ­lia), o Mais Querido estreia na competiÃ§Ã£o e na temporada contra... | Instagram"
11,16134147,1,"Flamengo | O MENGÃƒO conquista a TaÃ§a Guanabara pela 24Âª vez em sua histÃ³ria! Ã‰ o maior vencedor da competiÃ§Ã£o! ğŸ†â¤ï¸ğŸ–¤#CRF #VamosFla... | Instagram"
12,17553913,1,"Flamengo | FIMMMMMMM DE JOGO NO MARACA! O MENGÃƒO VENCE O FLUMINENSE POR 2 A 0 COM GOLS DE CEBOLINHA E PEDRO NO PRIMEIRO JOGO DA SEMIFINAL DO CARIOC... | Instagram"
13,15619829,1,"Flamengo | FIM DE JOGO NO MARACA! Com gols de Luiz AraÃºjo e Nico de la Cruz, o MengÃ£o vence o SÃ£o Paulo pelo placar de 2 a 1!#CRF #VamosFlamengo | Instagram"
14,14604207,1,"Flamengo | FIMMMMMMMMMM DE JOGO NO MARACA! O MENGÃƒO VENCE O FLUMINENSE POR 2 A 0 COM GOLS DE PEDRO E CEBOLINHA! #CRF #VamosFlamengo | Instagram"
15,13546584,1,"Flamengo | Zagallo eterno tem 13 letras.Nos deixou um herÃ³i que moldou a histÃ³ria do futebol brasileiro. Mario Jorge Lobo Zagallo entra para a... | Instagram"
16,18000282,1,"Flamengo | O REI DOS CLÃSSICOS PERMANECE! ğŸ¤´ğŸ¾BH27 â¤ï¸ğŸ–¤ #VamosFlamengo #CRF | Instagram"
17,16155841,1,"Flamengo | FIIIIIIIIIIIIMMMMMMM DE JOOOOOOOGO NO MARACANÃƒ! Pela segunda rodada da CONMEBOL Libertadores 2024, o MengÃ£o vence o Palestino pelo plac... | Instagram"
18,14752919,1,"Flamengo | Fim de jogo no MaracanÃ£. O Flamengo fica no 0 a 0 com o Vasco, pelo Campeonato Carioca. #CRF ğŸ“¸ Marcelo Cortes / CRF | Instagram"
19,15965368,1,"Flamengo | FIMMMMMMMMMMMMMM DE JOGO NO MARACANÃƒ! O MENGÃƒO VENCE O BOTAFOGO, PELO CARIOCA, POR 1 A 0 COM GOL DE LÃ‰O PEREIRA! VAMOOOOOOOOOOOOOOOOOS... | Instagram"
20,17191650,1,"Flamengo | O Clube de Regatas do Flamengo vem a pÃºblico informar que todos os contratos do futebol estÃ£o sempre Ã  disposiÃ§Ã£o do Conselho Fiscal... | Instagram"
21,13729996,1,"Flamengo | O Clube de Regatas do Flamengo informa que concluiu a transferÃªncia do goleiro @goleirosantosoficial para o Fortaleza. Agradecemos pelas... | Instagram"
22,14858023,1,"Flamengo | Fim de jogo no Allianz. Pelo BrasileirÃ£o, o MengÃ£o empata em 0 a 0 com o Palmeiras. #CRF #VamosFlamengo | Instagram"
23,17055902,1,"Flamengo | GOLEADA NO MARACA! O MengÃ£o vence o Boavista por 4 a 0, pelo CariocÃ£o, com gols de Luiz AraÃºjo, Pedro e De Arrascaeta (2)! #CRF #Vamos... | Instagram"
24,14415539,1,"Flamengo | FIMMMMMMMM DE JOGO NO MARACA! O MENGÃƒO vence o Nova IguaÃ§u por 1 a 0 com golaÃ§o de Bruno Henrique e conquista o @Cariocao pela 38Âª ve... | Instagram"
25,16507939,1,"Flamengo | O MENGÃƒO ficou no Grupo E da @LibertadoresBR com BolÃ­var (BOL), Millonarios (COL) e Palestino (CHI)! #CRF #VamosFlamengo | Instagram"
26,16337508,1,"Flamengo | NOSSO TIME Ã‰ A GENTE EM CAMPO! O MENGÃƒO ESTÃ ESCALADO PARA ENFRENTAR O BOLÃVAR, PELA @Libertadores! #VamosFlamengo #BOLxFLA | Instagram"
27,15553345,1,"Flamengo | @matiasv17 de MENGO! Caiu bem o novo Manto 1 no nosso reforÃ§o! ğŸ‡ºğŸ‡¾#ViÃ±aVeio ğŸ“¸: Igor Coelho | Instagram"
28,13875252,1,"Flamengo | FIMMMMMM DE JOGO EM ARACAJU! O MengÃ£o vence o Bangu por 3 a 0 com hat-trick de Pedro, pelo CariocÃ£o! Grande vitÃ³ria! #CRF #VamosFlam... | Instagram"
29,14537821,1,"Flamengo | Ã‰ O FLAURUGUAI ğŸ‡ºğŸ‡¾ğŸ”´âš«ï¸ğŸ“¸: Gilvan de Souza /CRF | Instagram"
30,12295765,1,"FIM DE JOGO NO MARACANÃƒ! Com dois gols de Pedro e um de Ronald (contra), o Flamengo sai na frente na final do Campeonato Carioca! O cami... | Instagram"
31,13987691,1,"Flamengo | FIM DE JOGO NOS ESTADOS UNIDOS! Pela @fcseries, o MengÃ£o vence o Philadelphia Union por 2 a 0 com gols de Pedro e Everton Cebolinha! #CR... | Instagram"
32,17414094,1,"Flamengo | Fim de jogo nos Estados Unidos. Pela @fcseries, o MengÃ£o fica no empate com o Orlando City em 1 a 1. Pedro marcou o gol rubro-negro. #CR... | Instagram"
33,16370478,1,"Flamengo | CLUBE DE REGATAS DO FLAMENGO! Ã‰ CAMPEÃƒOOOOOOOOOOOOOOOOOOOOOOOOOOOOOOOOOOOOOOOO da @LibertadoresU20! ğŸ†â¤ï¸ğŸ–¤#GarotosDoNinho #... | Instagram"
34,15353917,1,"Flamengo | Cinco anos de magia ğŸª„, cinco anos De Arrascaeta no MENGÃƒO! Foram muitos golaÃ§os e assistÃªncias do homem que de tÃ­mido nÃ£o tem n... | Instagram"
35,13093682,1,"Flamengo | Fim de jogo na Arena Barueri. O Flamengo perde para o Cruzeiro por 2 a 1 e se despede da Copinha. #CRF #GarotosDoNinho ğŸ“¸ Ale Vianna | Instagram"
36,13165232,1,"Flamengo | NOSSO TIME Ã‰ A GENTE EM CAMPO! O MengÃ£o estÃ¡ escalado pra enfrentar o Philadelphia Union pela FC Series! #VamosFlamengo #CRF | Instagram"
37,17613782,1,"Flamengo | Gabi: golEU IMEDIATAMENTE: ğŸ’ªğŸ’ªğŸ’ªğŸ’ªğŸ˜ğŸ’ªğŸ’ªğŸ’ªğŸ’ªğŸ“¸ Marcelo Cortes / CRF#SCOxFLA #VamosFlamengo | Instagram"
38,14908053,1,"Flamengo | Hoje faz uma semana que Akira Toriyama, gÃªnio do mangÃ¡, deixou o mundo dos vivos. Assim como o nosso rei Zico surgiu no Brasil e encant... | Instagram"
39,16900184,1,"Flamengo | Por Deni. Pelo Flamengo.Nosso eterno griÃ´ rubro-negro, que cuidou de tantos #GarotosDoNinho, serÃ¡ homenageado na entrada da equipe em... | Instagram"
40,14965874,1,"MENGÃƒO NA SEMIFINAL DA COPINHA! ApÃ³s empate em 1 a 1 no tempo normal, Mais Querido vence o Aster por 4 a 3 nos pÃªnaltis e se classific... | Instagram"
41,16758674,1,"Flamengo | NOSSO TIME Ã‰ A GENTE EM CAMPO! O MengÃ£o estÃ¡ escalado para enfrentar o Orlando City na @fcseries! #VamosFlamengo #FLAxORL | Instagram"
42,17828775,1,"Flamengo | O Clube de Regatas do Flamengo informa que concluiu a transferÃªncia do atleta Matheuzinho para o Corinthians. Com o Manto Sagrado, Mat... | Instagram"
43,17966150,1,"Flamengo | FFIIIIIMMMMM DE PAPO EM BELÃ‰M! COM GOLS DA MINHA DUPLINHA BEAGABI, VENCEMOS O SAMPAIO CORRÃŠA POR 2 A 0! VAAAMMMOOOS FLAMMMEEEENNNGOOOO!... | Instagram"
44,15128161,1,"Flamengo | FIMMMMMM DE JOGO NO MARACA! O MengÃ£o fica no 0 a 0 com o Fluminense e se classifica para a final do Campeonato Carioca! #CRF #VamosFlame... | Instagram"
45,12531634,1,"Flamengo | NOSSO TIME Ã‰ A GENTE EM CAMPO! O MengÃ£o estÃ¡ escalado pra enfrentar o Audax Rio, pelo @Cariocao! #VamosFlamengo #FLAxAUD | Instagram"
46,16853269,1,"Flamengo | FIIIIIIIIIIIIIM DE JOGO NO MARACA! O MENGÃƒO VENCE O MADUREIRA POR 3 A 0 COM GOLS DE ARRASCA, PEDRO E LÃ‰O PEREIRA E CONQUISTA A TAÃ‡A GU... | Instagram"
47,18248641,1,"Flamengo | CARLINHOS CHEGOU! ğŸ”´âš«ï¸O vice-artilheiro do Campeonato Carioca Ã© do Flamengo. @carlinhos_l9 assinou contrato atÃ© dezembro de 202... | Instagram"
48,16007766,1,"Flamengo | O Clube de Regatas do Flamengo informa que, buscando sempre as melhores prÃ¡ticas de gestÃ£o, alÃ©m da valorizaÃ§Ã£o constante do process... | Instagram"
49,15443673,1,"Flamengo | O Flamengo vai jogar pra sempre por vocÃªs.â­â­â­â­â­â­â­â­â­â­#Nossos10 | Instagram"
50,18013058,1,"Flamengo | FIM DE JOGO NO MARACA! O MengÃ£o vence o Volta Redonda, pelo Carioca, por 3 a 0 com gols de Gabigol, Pedro e Ayrton Lucas! #CRF #VamosFla... | Instagram"
51,15721743,1,"Flamengo | O nosso volante Erick faz aniversÃ¡rio nesta segunda-feira! Ele chegou ao Mais Querido em 2022, ano em que conquistamos a Libertadores e ... | Instagram"
52,17762336,1,"Flamengo | HOJE TEM FLAMENGO!ComeÃ§a novamente nossa busca pelo nosso lugar: O TOPO DA AMÃ‰RICA. Nossas cores vÃ£o nos guiar. Nossa paixÃ£o vai se... | Instagram"
53,12929941,1,"Flamengo | 5 ANOS DE MENGO! ğŸ”´âš«ï¸AMO.#VamosFlamengo #CRF ğŸ“¸: Marcelo Cortes /CRF | Instagram"
54,18710587,1,"Flamengo | O Manto que erguemos Ã© o Manto que nos ergue.Garanta o seu Manto 1 de 2024 em http://loja.flamengo.com.br, na nossa loja oficial no Me... | Instagram"
55,18547482,1,"Flamengo | Enquanto isso na Copinhaâ€¦MEEEEEEEEEEENNNNNNNNNNNNNNNGGGGGGGGGGOOOOOOOOOOOOOOOOOO!!!!!! FIMMMM DE JOGO EM OSASCO!!! ğŸ”´âš«ï¸Com um... | Instagram"
56,12153056,1,"Flamengo | HOJE TEM MENGÃƒO NO BRASILEIRÃƒO! Ã€s 16h, o Mais Querido enfrenta o Palmeiras, fora de casa, pela terceira rodada! Vamos com tudo em b... | Instagram"
57,12834836,1,"Flamengo | NOSSO TIME Ã‰ A GENTE EM CAMPO! O MENGÃƒO ESTÃ ESCALADO PARA ENFRENTAR O MILLONARIOS, PELA @libertadores! #VamosFlamengo #MILxFLA | Instagram"
58,18206141,1,Meu novo papel de parede! ğŸ¤ªğŸ†â¤ï¸ğŸ–¤ #ErgaATaÃ§a ğŸ“¸ Gilvan de Souza / CRF | Instagram"
59,12415475,1,"Flamengo | Fim de jogo na Arena das Dunas. O Flamengo fica no empate em 0 a 0 com a Portuguesa-RJ pela 4Âª rodada do Campeonato Carioca. A prÃ³xima ... | Instagram"
60,18509439,1,"Flamengo | Vamos pra Ãºltima pergunta... 1) Sou jogador do Flamengo.2) Nasci em 1996, em Porto Alegre.3) Disputei a Copa Sul-Americana em 2023.... | Instagram"
61,12030086,1,"Flamengo | HOJE TEM MENGÃƒO NA @fcseries! Ã€s 16h (horÃ¡rio de BrasÃ­lia), o Mais Querido enfrenta o Orlando City, nos Estados Unidos! Vamos com t... | Instagram"
62,11434178,1,"Flamengo | HOJE TEM MENGÃƒO NO CARIOCA!Ã€s 19h, o Mais Querido enfrenta o Vasco, no MaracanÃ£! Vamos com tudo em busca dos trÃªs pontos! #VASxFL... | Instagram"
63,16034343,1,"Flamengo | NOSSO TIME Ã‰ A GENTE EM CAMPO! O Flamengo estÃ¡ escalado pra enfrentar o Sampaio CorrÃªa, pelo CariocÃ£o! #VamosFlamengo #SCOxFLA | Instagram"
64,11179493,1,"Flamengo | HOJE TEM MENGÃƒO NA FINALÃSSIMA DO @cariocao! Ã€s 17h, o Mais Querido enfrenta o Nova IguaÃ§u, no MaracanÃ£! Vamos com tudo em busca d... | Instagram"
65,15195183,1,"Flamengo | NOSSO TIME Ã‰ A GENTE EM CAMPO! O MENGÃƒO ESTÃ ESCALADO PARA ENFRENTAR O PALMEIRAS, PELO @brasileirao! #VamosFlamengo #PALxFLA | Instagram"
66,19106616,1,"Flamengo | NÃ£o tem jeito: O VIÃ‘A VEIO MESMO! #ViÃ±aVeio | Instagram"
67,12056046,1,"Flamengo | HOJE TEM MENGÃƒO NA FINAL DO @Cariocao! Ã€s 17h, o Mais Querido enfrenta o Nova IguaÃ§u, no MaracanÃ£, no jogo de ida! Vamos com tudo, ... | Instagram"
68,19017683,1,"Flamengo | HOJE TEM MENGÃƒO NA CONMEBOL LIBERTADORES! Ã€s 21h30, o Mais Querido enfrenta o BolÃ­var (BOL), fora de casa, pela fase de grupos. Vamo... | Instagram"
69,17286684,1,"Flamengo | ğŸŒ†ğŸ‡ºğŸ‡¸ PROFESSOR #VamosFlamengo ğŸ“¸: Gilvan de Souza /CRF | Instagram"
70,16155855,1,"Flamengo | Ã‰ CAMPEÃƒOOOOOOOOOO! ğŸ†â¤ï¸ğŸ–¤O MENGÃƒO vence o Boca Juniors por 2 a 1, de virada, com gols de Shola e Lorran e conquista a Conme... | Instagram"
71,17818666,1,"Flamengo | FIIIIIIM DE JOGO EM OSASCO! O MengÃ£o vence o SÃ£o JosÃ© (RS) por 3 a 1 com gols de Daniel RogÃ©rio e Weliton (2) e vai Ã s oitavas de fi... | Instagram"
72,20006396,1,"Flamengo | HOJE TEM MENGÃƒO NA SEMIFINAL DO CARIOCA! Ã€s 21h, o Mais Querido enfrenta o Fluminense, no MaracanÃ£, no jogo de volta! Vamos com tudo... | Instagram"
73,18341506,1,"Flamengo | Fim do primeiro tempo! O MENGÃƒO vai vencendo por 2 a 0 com gols de Pedro e Cebolinha! #FLAxPHI #VamosFlamengo | Instagram"
74,18135721,1,"Hoje Ã© aniversÃ¡rio do nosso ex-volante JoÃ£o Gomes! Com o Manto, ele foi campeÃ£o carioca (2020 e 2021), brasileiro (2020), da Supercop... | Instagram"
75,18735420,1,"Flamengo | Intervalo.#FLAxORL #VamosFlamengo | Instagram"
76,16168294,1,"Flamengo | Quem tambÃ©m faz aniversÃ¡rio hoje Ã© o nosso ex-lateral Rodinei, campeÃ£o carioca (2017 e 2019), do Brasileiro (2019), da Libertadores (... | Instagram"
77,14908060,1,"Flamengo | HOJE TEM MENGÃƒO NO CARIOCA!Ã€s 16h, o Mais Querido enfrenta o Fluminense, no MaracanÃ£! Vamos com tudo em busca dos trÃªs pontos!#FL... | Instagram"
78,15887090,1,"Flamengo | Manto definido pro nosso novo craque! De La Cruz vai usar o nÃºmero 1ï¸âƒ£8ï¸âƒ£Tamo junto, NaÃ§Ã£o!â„¢ï¸Compre o seu na loja ofic... | Instagram"
79,14317352,1,"Flamengo | O Clube de Regatas do Flamengo repudia veementemente o ocorrido no sÃ¡bado (6), em Bradenton, nos Estados Unidos, na semifinal da Generat... | Instagram"
80,12375110,1,"Flamengo | PEDRINHO VAI SER PAPAI ğŸ¥°ğŸ˜ğŸ‘¶ğŸ‘¶ğŸ“¸ Marcelo Cortes / CRF#VamosFlamengo #CRF | Instagram"
81,13570114,1,"Flamengo | HOJE TEM MENGÃƒO NA @fcseries! Ã€s 16h (horÃ¡rio de BrasÃ­lia), o Mais Querido enfrenta o Philadelphia Union, nos Estados Unidos! Vamos... | Instagram"
82,17377070,1,"Flamengo | HOJE TEM MENGÃƒO NO CARIOCA! Ã€s 21h30, o Mais Querido enfrenta o Botafogo, no MaracanÃ£! Vamos com tudo em busca dos trÃªs pontos! #... | Instagram"
83,19726702,1,"Flamengo | O Clube de Regatas do Flamengo informa que o atleta FabrÃ­cio Bruno assinou renovaÃ§Ã£o de contrato atÃ© Dezembro de 2028! #CRF | Instagram"
84,16337481,1,"Flamengo | O MENGÃƒO vai enfrentar o Amazonas na terceira fase da @copadobrasilcbf! #CRF #VamosFlamengo | Instagram"
85,15887083,1,"Flamengo | Hoje Ã© aniversÃ¡rio do nosso zagueirÃ£o LÃ©o Pereira! Ele chegou ao Mais Querido no inÃ­cio de 2020 e jÃ¡ conquistou oito tÃ­tulos ğŸ†.... | Instagram"
86,14008475,1,"Flamengo | NOSSO TIME Ã‰ A GENTE EM CAMPO! O MENGÃƒO ESTÃ ESCALADO PARA ENFRENTAR O PALESTINO, PELA @Libertadores! #VamosFlamengo #FLAxCDP | Instagram"
87,15859198,1,"Flamengo | ğŸª„ğŸ‡ºğŸ‡¾E essa dupla!? ğŸ˜#VamosFlamengo ğŸ“¸ Gilvan de Souza / CRF | Instagram"
88,14447776,1,"Flamengo | #ERGAATAÃ‡A imediatamente! O MENGÃƒO Ã‰ CAMPEÃƒO CARIOCA PELA 38Âª VEZ EM SUA HISTÃ“RIA! FAÃ‡A A FESTA, MAIOR TORCIDA DO MUNDO! | Instagram"
89,15260389,1,"Flamengo | 18+ğŸ“¸: Gilvan de Souza/CRF | Instagram"
90,14520077,1,"Flamengo | O MENGÃƒO vai enfrentar o Nova IguaÃ§u na final do @cariocao! #CRF #VamosFlamengo | Instagram"
91,16098177,1,"Flamengo | No fim de semana, no AlmeidÃ£o, jÃ¡ tivemos o primeiro #MantosBrabos do ano. Ou seria #MantoArretado? ğŸ¤” | Instagram"
92,18108539,1,"Flamengo | Confira os inscritos do Flamengo para a fase de grupos da @libertadores de 2024! #VamosFlamengo | Instagram"
93,13987673,1,"Flamengo | ğ—• ğ—¢ ğ—Ÿ ğ—” ğ—— ğ—¢ğŸ“¸ Marcelo Cortes / CRF#VamosFlamengo #MILxFLA | Instagram"
94,17613790,1,"Flamengo | HOJE TEM MENGÃƒO NA SEMIFINAL DO CARIOCA! Ã€s 21h, o Mais Querido enfrenta o Fluminense, no MaracanÃ£, no jogo de ida! Vamos com tudo, ... | Instagram"
95,17762329,1,"Flamengo | Pode liberar o tantÃ£ que hoje Ã© aniversÃ¡rio do nosso Ã­dolo Adriano Imperador! ğŸ‘ğŸ‚â¤ï¸ğŸ–¤CampeÃ£o carioca (2000 e 2001), da ... | Instagram"
96,16496389,1,"Flamengo | HOJE TEM FLAMENGO! Ã€s 21h30, a bola rola pro nosso primeiro compromisso em casa pelo Campeonato Brasileiro 2024. O Maraca serÃ¡ palco pa... | Instagram"
97,19157395,1,"Flamengo | #TROPADOLELEO ğŸ‘‰ğŸ¼ğŸ‘ˆğŸ¼ | Instagram"
98,16880972,1,"HOJE TEM MENGÃƒO NO CARIOCA! Ã€s 21h30, o Mais Querido enfrenta o Bangu, em Aracaju! Vamos com tudo em busca dos trÃªs pontos! #BANxF... | Instagram"
99,15721727,1,"Flamengo | CAMISA 1ï¸âƒ£ğŸ§¤Rossi estÃ¡ de nÃºmero novo! #VamosFlamengo | Instagram"
100,16434218,1,"Flamengo | HOJE TEM MENGÃƒO NO BRASILEIRÃƒO! O Mais Querido estreia na competiÃ§Ã£o contra o AtlÃ©tico-GO, Ã s 16h, no Serra Dourada! Vamos com tu... | Instagram"
101,16985187,1,"Flamengo | FIMMMM DE JOGO NA COPINHA!!! ğŸ”´âš«ï¸Os #GarotosDoNinho vencem o NÃ¡utico-PE por 1 a 0, e se classificam para a 3Âª fase da competiÃ§... | Instagram"
102,17966104,1,"Flamengo | NOSSO TIME Ã‰ A GENTE EM CAMPO! O MengÃ£o estÃ¡ escalado para enfrentar o Vasco, pelo Carioca! #VASxFLA #VamosFlamengo | Instagram"
103,17055871,1,"Flamengo | O nosso zagueirÃ£o LÃ©o Pereira completa hoje 4ï¸âƒ£ anos com o Manto Sagrado! Neste perÃ­odo, ele conquistou: ğŸ†ğŸ† 2 Cariocas (20... | Instagram"
104,18206151,1,ğŸ‡¦ğŸ‡·ğŸ†ğŸ‡§ğŸ‡· Â¡Final entre argentinos y brasileÃ±os en la CONMEBOL #LibertadoresSub20! Â¡@BocaJrsOficial y @Flamengo definirÃ¡n a... | Instagram"
105,18735407,1,"Flamengo | ÃDOLOS! â¤ï¸ğŸ–¤ğŸ“¸ Paula Reis / CRF | Instagram"
106,19986831,1,"Flamengo | Fim de jogo em JoÃ£o Pessoa. Pelo Campeonato Carioca, o Flamengo fica no empate com o Nova IguaÃ§u em 1 a 1. Thiaguinho marcou o gol rubr... | Instagram"
107,17325040,1,"Flamengo | HOJE TEM MENGÃƒO NO CARIOCA! Ã€s 21h30, o Mais Querido enfrenta o Sampaio CorrÃªa (RJ) no MangueirÃ£o, em BelÃ©m! Vamos com tudo em bus... | Instagram"
108,18425273,1,"Flamengo | NOSSO TIME Ã‰ A GENTE EM CAMPO! O MENGÃƒO ESTÃ ESCALADO PARA ENFRENTAR O BOTAFOGO, PELO @Cariocao! #VamosFlamengo #FLAxBOT | Instagram"
109,17935842,1,"Flamengo | NÃ£o adianta tentar tirar dele: o gol 13 mil da histÃ³ria do Flamengo TEM DONO. PEDRO, O NOVE BOLADO, TÃ NA HISTÃ“RIA DO FLAMENGO - O PR... | Instagram"
110,17142020,1,"Flamengo | GolaÃ§o e tÃ­tulo! Bem demais, BH! ğŸ‘â¤ï¸#ErgaATaÃ§a ğŸ“¸ Gilvan de Souza / CRF | Instagram"
111,17504920,1,"Flamengo | HOJE TEM MENGÃƒO NO CARIOCA! Ã€s 16h, o Mais Querido enfrenta o Madureira, no MaracanÃ£, pelo Campeonato Carioca! Vamos com tudo em bus... | Instagram"
112,17950941,1,"Flamengo | ğ—¢ ğ— ğ—”ğ—¡ğ—§ğ—¢ ğ—¤ğ—¨ğ—˜ ğ—˜ğ—¥ğ—šğ—¨ğ—˜ğ— ğ—¢ğ—¦. ğ—¢ ğ— ğ—”ğ—¡ğ—§ğ—¢ ğ—¤ğ—¨ğ—˜ ğ—¡ğ—¢ğ—¦ ğ—˜ğ—¥ğ—š... | Instagram"
113,19986807,1,"Flamengo | NOSSO TIME Ã‰ A GENTE EM CAMPO! O MENGÃƒO ESTÃ ESCALADO PARA ENFRENTAR O FLUMINENSE, PELO @cariocao! #VamosFlamengo #FLAxFLU | Instagram"
114,18135712,1,CONMEBOL Libertadores Sub 20 | ğŸ”´âš« MengÃ£o classificado! O @Flamengo venceu 2ï¸âƒ£ jogos no Grupo C e garantiu vaga antecipada para a Semifinal da CONMEBOL #Libert... | Instagram"
115,18990030,1,"Flamengo | Aqui Ã© FLAMENGO, doa a quem doer; do gÃªnio sonhador, da gana de vencer. TÃ¡ no meu peito, tÃ¡ no meu grito; clube de respeito que coroa... | Instagram"
116,19054589,1,"Flamengo | NOSSO TIME Ã‰ A GENTE EM CAMPO! O MENGÃƒO ESTÃ ESCALADO PARA ENFRENTAR O BANGU, PELO @cariocao ! #VamosFlamengo #BANxFLA | Instagram"
117,17950943,1,"Flamengo | DUAS VEZES P9ï¸âƒ£ EM ARACAJU! â¤ğŸ–¤ğŸ“¸ Marcelo Cortes / CRF#BANxFLA #VamosFlamengo | Instagram"
118,17818656,1,"Flamengo | Hoje Ã© aniversÃ¡rio do nosso zagueirÃ£o David Luiz, campeÃ£o da Libertadores (2022), da Copa do Brasil (2022) e do Carioca (2024) com o ... | Instagram"
119,17344176,1,"Flamengo | Manto de glÃ³rias! 8ï¸âƒ£O nosso Coringa @gersonsantoss reassumiu a camisa 8 do MengÃ£o! ğŸƒğŸ™…â€â™‚ï¸#CRFğŸ“¸: Gilvan de Souz... | Instagram"
120,18968413,1,"Flamengo | MMMMMMMMMMMMMEEEEEEEEEEEEEEEEEEEEEEEEEEEEEEEEEEEEEEEEEEEEEEEEEEENNNNNNNNNGGGGGGGGGGGGGGGGGOOOOOOOOOOOOOOOOOOOOOOOOOOOOOOOOOOOOOOOOOOOOOOO... | Instagram"
121,18943556,1,"Flamengo | HOJE TEM MENGÃƒO NO CARIOCA! Ã€s 21h30, o Mais Querido enfrenta o Boavista, no MaracanÃ£! Vamos com tudo em busca dos trÃªs pontos! #... | Instagram"
122,18673596,1,"Flamengo | Descanse em paz, Ziraldo. â¤ï¸ğŸ–¤#CRF ğŸ“¸ Acervo Instituto Ziraldo | Instagram"
123,18710607,1,"Flamengo | SOLTA O ARRASCAETA NESSA P#%%@! ğŸ‡ºğŸ‡¾ğŸ©â¤ğŸ–¤ğŸ“¸ Marcelo Cortes / CRF#VamosFlamengo #CRF | Instagram"
124,14329723,1,"Flamengo | HOJE TEM FLAAAMMMEEEENNNGOOOOO! â¤ğŸ–¤ğŸŸÃ€s 16h, a bola rola no Maraca pra Flamengo x Volta Redonda, em partida que complementa a 3 ... | Instagram"
125,18572017,1,"Flamengo | We â¤ï¸ you, NaÃ§Ã£o! | Instagram"
126,13093777,1,"CONMEBOL Libertadores Sub 20 | MengÃ£o presente! âš«ğŸ”´O @Flamengo serÃ¡ o representante brasileiro na prÃ³xima ediÃ§Ã£o da CONMEBOL #LibertadoresSub20, que serÃ¡ di... | Instagram"
127,14520135,1,"Flamengo | âœ‹âœï¸ğŸ“ƒ O #GarotoDoNinho Victor Hugo assinou renovaÃ§Ã£o de contrato atÃ© Dezembro de 2028! #CRF | Instagram"
128,13483636,1,"Flamengo | Partiu Copinha! ğŸ”´âš«ï¸ApÃ³s treino no Ninho do Urubu, os #GarotosDoNinho viajaram na tarde desta quarta (3) para Osasco, onde fica ... | Instagram"
129,13952253,1,"Flamengo | TÃ¡ frio aÃ­, @Flamengoen? Aqui no ponto mais oriental das AmÃ©ricas, o sol tÃ¡ de rachar ğŸ¥µ#CRF #VamosFlamengo | Instagram"
130,13585145,1,"Flamengo | NOSSO TIME Ã‰ A GENTE EM CAMPO! O MENGÃƒO ESTÃ ESCALADO PARA ENFRENTAR O SÃƒO PAULO, PELO @Brasileirao! #VamosFlamengo #FLAxSAO | Instagram"
131,12720073,1,"Flamengo | NOSSO TIME Ã‰ A GENTE EM CAMPO! O MENGÃƒO ESTÃ ESCALADO PARA ENFRENTAR O VOLTA REDONDA, PELO @cariocao! #VamosFlamengo #FLAxVRE | Instagram"
132,12499014,1,"Flamengo | Hoje tambÃ©m Ã© aniversÃ¡rio do nosso #GarotoDoNinho @reinier.jesus, campeÃ£o da Libertadores e do BrasileirÃ£o com o Manto em 2019! Para... | Instagram"
133,11742868,1,"Flamengo | HOJE TAMBÃ‰M TEM MENGÃƒO NO CARIOCA! Ã€s 18h10, o Mais Querido enfrenta o Nova IguaÃ§u, em JoÃ£o Pessoa! Vamos com tudo em busca dos tr... | Instagram"
134,12894074,1,"Flamengo | Next stop: Orlando See you soon, ğŸ‡ºğŸ‡¸ | Instagram"
135,11677719,1,"Flamengo | FLAMENGO! ğŸ†â¤ï¸ğŸ–¤ #ErgaATaÃ§a ğŸ“¸ Paula Reis / CRF | Instagram"
136,14502393,1,"Flamengo | Hoje Ã© aniversÃ¡rio do nosso atacante Everton Cebolinha, campeÃ£o com o Manto da Copa do Brasil (2022), da Libertadores (2022) e da TaÃ§... | Instagram"
137,15679065,0,"Flamengo | Jogo HistÃ³rico Ã© na FlaTV+! A partir das 18h, vamos relembrar essa grande vitÃ³ria sobre o Corinthians! Acesse agora: flatvmais.com... | Instagram"
138,20107668,0,"Flamengo | Que golaÃ§o, papai! ğŸ‘ğŸ‘ğŸ‘ğŸ“¸: Gilvan de Souza/CRF | Instagram"
139,11066541,0,"Flamengo | NOSSO TIME Ã‰ A GENTE EM CAMPO! O MENGÃƒO ESTÃ ESCALADO PARA ENFRENTAR O ATLÃ‰TICO-GO, PELO @Brasileirao!#VamosFlamengo #ACGxFLA | Instagram"
140,16758686,0,"Flamengo | NOSSO TIME Ã‰ A GENTE EM CAMPO! O MENGÃƒO ESTÃ ESCALADO PARA ENFRENTAR O BOAVISTA, PELO @cariocao! #VamosFlamengo #FLAxBVT | Instagram"
141,16144537,0,"Flamengo | Todos contra a pobreza menstrual. #CRF | Instagram"
142,20107656,0,"Flamengo | ğŸ”´âš«ï¸MengÃ£o definido para a estreia da Copinha!Confira a escalaÃ§Ã£o dos #GarotosDoNinho para a partida contra o SÃ£o JosÃ©-RS, p... | Instagram"
143,20107576,0,FC Series | ğŸ‡ºğŸ‡¸ No trip to Florida is complete without a visit to @universaldestinationsbrasil ğŸŒğŸ‡§ğŸ‡· Have fun @flamengoen! ğŸ¢ğŸ¥³==... | Instagram"
144,16529769,0,"Flamengo | NOSSO TIME Ã‰ A GENTE EM CAMPO! O MENGÃƒO ESTÃ ESCALADO PARA ENFRENTAR O FLUMINENSE, PELO @CARIOCAO! #VamosFlamengo #FLAxFLU | Instagram"
145,11699915,0,"Flamengo | FIM DE JOGO AQUI EM OSASCO! MengÃ£o 1 x 1 Aster Vamos para os pÃªnaltis! Vale vaga nas semifinais da @copinha! #GarotosDoNinho #Vam... | Instagram"
146,18735423,0,"Flamengo | Nico De La Cruz. What a player! ğŸ‡ºğŸ‡¾ | Instagram"
147,14752951,0,"HOJE TEM MENGÃƒO NO CARIOCA! Ã€s 18h10, o Mais Querido enfrenta a Portuguesa, na Arena das Dunas, em Natal! Vamos com tudo em busca dos... | Instagram"
148,11088180,0,"Flamengo | NOSSO TIME Ã‰ A GENTE EM CAMPO! O MENGÃƒO ESTÃ ESCALADO PARA ENFRENTAR O FLUMINENSE, PELO @CARIOCAO! #VamosFlamengo #FLAxFLU | Instagram"
149,17142032,0,"Flamengo | NOSSO TIME Ã‰ A GENTE EM CAMPO! O MENGÃƒO ESTÃ ESCALADO PARA ENFRENTAR O NOVA IGUAÃ‡U, PELA FINAAAAAAL DO @cariocao! #VamosFlamengo #F... | Instagram"
150,14492335,0,"Flamengo | Quem aÃ­ gosta de viajar? ğŸ‡ºğŸ‡¾ | Instagram"
151,13730025,0,"Flamengo | Pela liberdade religiosa. Pelo respeito. #CRF | Instagram"
152,15900253,0,"Flamengo | ğŸ’™â¤ï¸ğŸ–¤#CRF | Instagram"
153,18079398,0,"Flamengo | HOJE TEM MENGÃƒO!!! ğŸ”´âš«ï¸Os #GarotosDoNinho enfrentam o SÃ£o Bento-SP, Ã s 20h30 (horÃ¡rio de BrasÃ­lia), pela Copinha! A partida ... | Instagram"
154,15619871,0,"Flamengo | ğ—¡ğ—”ğ——ğ—” ğ—˜Ì ğ—œğ— ğ—£ğ—¢ğ—¦ğ—¦ğ—œÌğ—©ğ—˜ğ—Ÿ.Foram 38 anos de espera, mas nunca duvidamos de que ali era o nosso ... | Instagram"
155,13383047,0,"Flamengo | No Dia do Goleiro, fica a nossa homenagem a todos eles que defendem a meta rubro-negra com raÃ§a, amor e paixÃ£o! ğŸ§¤â¤ï¸ğŸ–¤#CRF | Instagram"
156,17740583,0,"Flamengo | O Brasil estÃ¡ de luto. Um dos maiores artistas brasileiros de todos os tempos, Ziraldo nos deixou neste sÃ¡bado, 6 de abril, com 91 anos... | Instagram"
157,15965339,0,"Flamengo | Os jogos do MengÃ£o na fase de grupos da @libertadoresbr! #CRF #VamosFlamengo | Instagram"
158,12859802,0,"Flamengo | FIMMMM DE JOGO EM OSASCO!!! ğŸ”´âš«ï¸Os #GarotosDoNinho vencem o SÃ£o Bento-SP por 2 a 1, na Copinha! Werton e Lorran marcaram para o ... | Instagram"
159,18473832,0,"Flamengo | JOGAREMOS JUNTOS EM MAIS UMA DECISÃƒO! VVVAAAAMMMMOOOOOS, FLLAAAMMMEEEEEENNNGGGOOOOOOOOOOğŸ“¸ Gilvan de Souza / CRF#VamosFlamengo #CRF | Instagram"
160,16007772,0,"Flamengo | ğ—¢ ğ— ğ—”ğ—œğ—¦ ğ—¤ğ—¨ğ—˜ğ—¥ğ—œğ——ğ—¢ ğ—§ğ—”Ì ğ—¡ğ—” ğ—”Ìğ—¥ğ—˜ğ—”.ğŸ“¸ Marcelo Cortes / CRF#VamosFlamengo #CRF | Instagram"
161,12720028,0,"Flamengo | ES EL URUMENGO OLVIDE TODO OK? ğŸ‡ºğŸ‡¾ğŸ“¸ Marcelo Cortes / CRF#VamosFlamengo #CRF | Instagram"
162,12056069,0,"Flamengo | O nosso Ã­dolo Fio Maravilha, que conquistou o Carioca de 1972 com o Manto Sagrado, faz aniversÃ¡rio nesta sexta-feira! Foram 82 gols em ... | Instagram"
163,15097876,0,"Flamengo | Os nÃºmeros do jogo!Fonte: @sofascorebr_oficial #CRF #VamosFlamengo | Instagram"
164,15859203,0,"Flamengo | Hoje tambÃ©m Ã© aniversÃ¡rio do nosso volante Allan, campeÃ£o da TaÃ§a Guanabara com o Manto! ParabÃ©ns, felicidades e SRN, Allan! #CRF | Instagram"
165,20107666,0,"Flamengo | ğŸ‡§ğŸ‡· NOSSO TIME Ã‰ A GENTE EM CAMPO! O MengÃ£o estÃ¡ escalado pro #NIGxFLA, que acontece em JoÃ£o Pessoa. A bola rola Ã s 18h10 (hor ... | Instagram"
166,16049419,0,"Flamengo | O nosso ex-goleiro CÃ©sar, campeÃ£o da Copinha, do Brasileiro, da Copa do Brasil, do Carioca, da Supercopa, da Recopa e da Libertadores c... | Instagram"
167,15112572,0,"Flamengo | Intervalo no Serra Dourada! O MENGÃƒO vai vencendo por 1 a 0 com golaÃ§o de De La Cruz! #ACGxFLA #VamosFlamengo | Instagram"
168,15532835,0,"Flamengo | Us in real life ğŸ«¶ | Instagram"
169,14083016,0,"Flamengo | NOSSO TIME Ã‰ A GENTE EM CAMPO! O MENGÃƒO ESTÃ ESCALADO PARA ENFRENTAR O NOVA IGUAÃ‡U, PELO @CARIOCAO! #VamosFlamengo #NIGxFLA | Instagram"
170,15273261,0,"Flamengo | NOSSO TIME Ã‰ A GENTE EM CAMPO! O MENGÃƒO ESTÃ ESCALADO PARA ENFRENTAR O MADUREIRA, PELO @CARIOCAO! #VamosFlamengo #FLAxMAD | Instagram"
171,14060182,0,"Flamengo | FIMMMM DE JOGO EM OSASCO!!! ğŸ”´âš«ï¸Os #GarotosDoNinho vencem o Audax-SP por 2 a 0, e se classificam para a 2Âª fase da Copinha! Wert... | Instagram"
172,15887091,0,"Flamengo | SOLTA! ğŸ‡ºğŸ‡¾ ğŸª„ ğŸ“¸ Marcelo Cortes / CRF#VamosFlamengo #CRF | Instagram"
173,13914496,0,"Flamengo | Intervalo de jogo. O MENGÃƒO vai vencendo por 1 a 0 com gol de Arrasca. #FLAxMAD #VamosFlamengo | Instagram"
174,17704706,0,"Flamengo | Mostrar ao mundo quem somos. Colocar o Ãºnico Manto Sagrado no nosso lugar: o topo.#VamosFlamengo | Instagram"
175,13257099,0,"Flamengo | Contamos com a Maior do Mundo! â¤ï¸ğŸ–¤ Os ingressos para Flamengo x Amazonas jÃ¡ estÃ£o disponÃ­veis para os sÃ³cios-torcedores de t... | Instagram"
176,14758685,0,"Flamengo | NOSSO TIME Ã‰ A GENTE EM CAMPO!ğŸ“¸ Gilvan de Souza / CRF#VamosFlamengo #CRF | Instagram"
177,18547561,0,"Flamengo | Bom dia, NaÃ§Ã£o! #VamosFlamengo ğŸ“¸ Gilvan de Souza / CRF | Instagram"
178,18413121,0,"Flamengo | Pra comeÃ§ar o jogo com o pÃ© direito, BH! ğŸ¤©2ï¸âƒ£7ï¸âƒ£ğŸ“¸ Marcelo Cortes / CRF#SCOxFLA #VamosFlamengo | Instagram"
179,13730026,0,"Pra cima, MengÃ£o!Os ingressos para Flamengo x Amazonas, no MaracanÃ£, jÃ¡ estÃ£o Ã  venda para o nÃ­vel 0 do NaÃ§Ã£o SÃ³cio-Torcedor.... | Instagram"
180,17828750,0,"Flamengo | FIMMMMMMM DE JOGO NO URUGUAI! O MENGÃƒO VENCE O ROSARIO CENTRAL POR 2 A 1, DE VIRADA, COM DOIS GOLS DE IAGO, E VAI Ã€ FINAL DA LIBERTADOR... | Instagram"
181,14752944,0,"Flamengo | 2019 estÃ¡ guardado na memÃ³ria de cada rubro-negro. E neste mÃªs quem tem o combo Globoplay e FlaTV+ pode assistir aos principais jogos ... | Instagram"
182,17828743,0,"Flamengo | O #GarotoDoNinho Matheus GonÃ§alves Ã© o novo camisa 2ï¸âƒ£0ï¸âƒ£ do MengÃ£o! ğŸ”´âš«ï¸#CRF ğŸ“¸: Gilvan de Souza /CRF | Instagram"
183,14237792,0,"Flamengo | FIMMMM DE JOGO NA COPINHA!!! ğŸ”´âš«ï¸Os #GarotosDoNinho estreiam com o pÃ© direito e vencem o SÃ£o JosÃ©-RS por 2 a 1, em Osasco! Pet... | Instagram"
184,18735424,0,"Flamengo | Bom dia, Maior Torcida do Mundoâ€¦ comeÃ§ando o expediente com um #MantosBrabos que reflete exatamente como Ã© ficar uma semana inteira s... | Instagram"
185,17344182,0,"Flamengo | HOJE TEM MENGÃƒO NA COPINHA!!! ğŸ”´âš«ï¸Os #GarotosDoNinho enfrentam o Cruzeiro pela semifinal, Ã s 19h30 (horÃ¡rio de BrasÃ­lia), em ... | Instagram"
186,13747318,0,"Flamengo | O nosso coringa @gersonsantoss estÃ¡ de volta!ğŸƒğŸ™…â€â™‚ï¸â¤ï¸ğŸ–¤#VamosFlamengo #CRF ğŸ“¸: Marcelo Cortes /CRF | Instagram"
187,17142030,0,"Flamengo | GGGGGGGGGOOOOOOOOOOOOOOOOOOOOOOOOOOOOOOOOOOOOOOOOOOOOOOOOOLLLLLLLLLLLL E Ã‰ PARA SEMPRE! A HISTÃ“RIA ESTÃ ACONTECENDO DIANTE DOS NOSSOS ... | Instagram"
188,20158247,0,"Flamengo | VocÃªs fizeram histÃ³ria, #GarotosDoNinho! ğŸ†â¤ï¸ğŸ–¤O Mais Querido Ã© campeÃ£o da @libertadoresu20! Agora, vamos em busca do ğŸŒ!... | Instagram"
189,11088181,0,"Flamengo | ğŸ¤™#FLAxPHI #VamosFlamengo ğŸ“¸ Gilvan de Souza / CRF | Instagram"
190,15260399,0,"Flamengo | DE LA CRUZ E REI! ğŸ‡ºğŸ‡¾ğŸ‘‘#VamosFlamengo #CRF ğŸ“¸: Marcelo Cortes /CRF | Instagram"
191,14724330,0,"Flamengo | Ã‰ amanhÃ£, NaÃ§Ã£o! O MENGÃƒO enfrenta o Audax, Ã s 21h30, em Manaus, pela primeira rodada do Campeonato Carioca. Acompanhe a transmis... | Instagram"
192,14126214,0,"Flamengo | Especial de despedida do craque Everton Ribeiro! Ã‰ daqui a pouco, Ã s 21h, na FlaTV! Fique ligado! Link nos stories! | Instagram"
193,12514072,0,"Na noite desta terÃ§a-feira (9), a diretoria do Flamengo recebeu os dirigentes do Palestino-CHI para o tradicional jantar da Conmebol Lib... | Instagram"
194,14237791,0,"Flamengo | Primeiro jogo da Terceira Fase da @copadobrasilcbf Ã© em casa! #CRF #VamosFlamengo | Instagram"
195,12030069,0,CONMEBOL Libertadores | â¤ï¸ğŸ–¤ 2âƒ£0âƒ£ vezes Pedro! O segundo maior artilheiro da histÃ³ria do @Flamengo na CONMEBOL #Libertadores e com a #GloriaEterna na ... | Instagram"
196,12096673,0,"Flamengo | Os homenageados! 1ï¸âƒ£0ï¸âƒ£0ï¸âƒ£ â¤ï¸ğŸ–¤ğŸ“¸ Gilvan de Souza / CRF | Instagram"
197,15128187,0,"Flamengo | ğŸ‡§ğŸ‡· NOSSO TIME Ã‰ A GENTE EM CAMPO! O MengÃ£o estÃ¡ escalado para o #PORxFLA na Arena das Dunas. A bola rola Ã s 18h10!#VamosFla... | Instagram"
198,13687658,0,"Flamengo | Ele tÃ¡ na Ã¡rea! Nicooo! #FLAxAUD #VamosFlamengo ğŸ“¸ Marcelo Cortes / CRF | Instagram"
199,12096672,0,"SerÃ¡ que o homem tava Ã  vontade com o Manto? Boa estreia, Nico! ğŸ‡ºğŸ‡¾ğŸ‘#VamosFlamengo ğŸ“¸ Marcelo Cortes / CRF | Instagram"
200,12056064,0,Time Flamengo | FIIIIIIIIIIIIIIIIIMMMMMMMMMMMMMM DE JOGAAAAAAAAAAAAAAAAAÃ‡OOOOOOOOOOO NO MARACANÃƒZINHO!!!!!!!!!!!!!!!!!!!!!!!!Em grande atuaÃ§Ã£o cole... | Instagram"
201,11512345,0,"Flamengo | Fim do primeiro tempo no Uruguai! O MENGÃƒO vai vencendo o Boca, de virada, por 2 a 1! Shola e Lorran marcaram! Ã‰ final de Libertadores ... | Instagram"
202,12514073,0,"Flamengo | ISSO AQUIÃ‰F L A M E N G O O O O O O O O O O O O OğŸ“¸ Adriano Fontes / CRF#VamosFlamengo #CRF | Instagram"
203,15978694,0,Time Flamengo | FIIIIIIIIIIIIIIIIIMMMMMMMMMMMMMM DE JOGAAAAAAAAAAAAAAAAAÃ‡OOOOOOOOOOO NO MARACANÃƒZINHO!!!!!!!!!!!!!!!!!!!!!!!!Em grande atuaÃ§Ã£o cole... | Instagram"
204,14447706,0,FC Series | ğŸ† @gersonsantoss is our MAN OF THE MATCH presented by @universalorlando | Instagram"
205,13257106,0,"Flamengo | T A P A. ğŸ‡ºğŸ‡¾ğŸª„ğŸ“¸ Marcelo Cortes / CRF#VamosFlamengo #CRF | Instagram"
206,13786016,0,"Flamengo | Seguimos na luta contra o racismo! RACISMO Ã‰ CRIME! Sejamos todos do time dos antirracistas! âœŠğŸ¿#CRF | Instagram"
207,11699916,0,"Flamengo | LÃ©o ğŸ¤ LÃ©o | Instagram"
208,14813135,0,"Flamengo | O nosso lateral-direito Varela, campeÃ£o da Libertadores (2022), da Copa do Brasil (2022) e da TaÃ§a Guanabara (2024) com o Manto, faz an... | Instagram"
209,14492332,0,"Flamengo | ğŸ‡ºğŸ‡¾ğŸ†â¤ï¸ğŸ–¤#ErgaATaÃ§a ğŸ“¸ Gilvan de Souza / CRF | Instagram"
210,14552750,0,"Flamengo | O meu FLAMENGO Ã© a cara do Brasil! â¤ğŸ–¤ğŸŸ¢âšª @mocidadeoficial ğŸ“¸ Gilvan de Souza / CRF#VamosFlamengo #CRF | Instagram"
211,11872423,0,"Flamengo | Hoje Ã© aniversÃ¡rio do nosso ex-volante Willian ArÃ£o! Com o Manto Sagrado, ele conquistou:ğŸ† Carioca (2017, 2019, 2020 e 2021)  ... | Instagram"
212,13027381,0,"Flamengo | Cada Manto tem sua histÃ³ria. Podemos vestir modelos idÃªnticos, mas cada peÃ§a tem um pouco da trajetÃ³ria de quem a veste. De quem nos ... | Instagram"
213,11179504,0,"Flamengo | Boa noite, Maior do Mundo! #VamosFlamengo ğŸ“¸ Marcelo Cortes / CRF | Instagram"
214,14372943,0,"Flamengo | â¤ï¸ Que momento ğŸ–¤ğŸ“¸ CÃ©sar Nogueira / CRF | Instagram"
215,17828742,0,"Flamengo | ğ—™ğ—˜Ì ğ—¡ğ—¢ ğ— ğ—˜ğ—¡ğ—šğ—¢!ğŸ“¸ Marcelo Cortes / CRF#VamosFlamengo | Instagram"
216,11179505,0,"NÃ£o Ã© surpresa, mas Ã© sempre emocionante: A MAIOR TORCIDA DO MUNDO Ã‰ UM FENÃ”MENO INIGUALÃVEL!Quanta paixÃ£o na capital paraense! ... | Instagram"
217,11512344,0,"Flamengo | A MENOR MÃ‰DIA DE GOLS SOFRIDOS NA HISTÃ“RIA DO CAMPEONATO CARIOCA! #ErgaATaÃ§a | Instagram"
218,16402598,0,"Flamengo | ğŸ”´âš«ï¸MengÃ£o definido para ao mata-mata da Copinha!Confira a escalaÃ§Ã£o dos #GarotosDoNinho para a partida contra o NÃ¡utico-PE, ... | Instagram"
219,16007768,0,"Flamengo | Maior Torcida do Mundo,VocÃªs jÃ¡ sabem muito bem: ğ—¡ğ—¢ğ—¦ğ—¦ğ—¢ ğ—§ğ—œğ— ğ—˜ ğ—˜Ì ğ—” ğ—šğ—˜ğ—¡ğ—§ğ—˜ ğ—˜ğ—  ğ—–... | Instagram"
220,15768760,0,"Flamengo | SÃ³ dÃ¡ eu e meu parceiroEu e casca de bala ğŸ‡ºğŸ‡¾ğŸ¶ğŸµ#VamosFlamengo #CRF ğŸ“¸: Marcelo Cortes /CRF | Instagram"
221,14724329,0,"Flamengo | O quadrado Ã© um quadrilÃ¡tero regular congruente, ou seja, uma figura geomÃ©trica com quatro lados de mesmo comprimento e quatro Ã¢ngulo... | Instagram"
222,13483574,0,"Flamengo | ğŸ‘€ na final, NaÃ§Ã£o! #CRF #VamosFlamengo | Instagram"
223,14317370,0,"Flamengo | JÃ¡ estÃ¡ marcado no meu calendÃ¡rio; vermelho-preto Ã© vitÃ³ria que virÃ¡!ğŸŸ¢âšªğŸŸ¡ @imperatrizleopoldinenseoficial #VamosFlamengo... | Instagram"
224,14537801,0,"Flamengo | O carinho com que meu cria trata a pelota... ğŸ¤ŒğŸ¤ŒğŸ“¸ Marcelo Cortes / CRF#VamosFlamengo #CRF | Instagram"
225,14060178,0,"Flamengo | MENGOOOOO! MAIS TRÃŠS!!! FIM DE JOGO NA VILA BELMIRO!O MengÃ£o Sub-20 vence o Santos, fora de casa, por 3 a 1, com gols de Shola, Felip... | Instagram"
226,13710409,0,"Flamengo | MatÃ­as ViÃ±a vestirÃ¡ o Manto Sagrado de nÃºmero 17 no Mais Querido! #CRF | Instagram"
227,15112574,0,"Flamengo | Hoje tambÃ©m Ã© aniversÃ¡rio do nosso Ã­dolo Obina, que foi muito ğŸµmelhor que o Etoâ€™o! ğŸµ Com o Manto Sagrado, ele foi tricampeÃ£o... | Instagram"
228,12068634,0,"Flamengo | ELE Ã‰ BOLADO E CONHECE MUITO O CAMINHO DA REDE! Ã‰ O P9, ESQUECE! ARTILHEIRO DO CAMPEONATO CARIOCA! #ErgaATaÃ§a | Instagram"
229,20196140,0,"Flamengo | Chegou hÃ¡ pouco tempo, mas jÃ¡ estÃ¡ completamente integrado Ã  Maior Torcida do Mundo! ğŸ‡ºğŸ‡¾â¤ï¸ğŸ–¤ğŸ“¸ Gilvan de Souza / CRF#... | Instagram"
230,13123712,0,"Flamengo | O nosso Manto Ã© erguido por nÃ³s. MilhÃµes de mÃ£os colocando nossas valores no topo. O que nossas cores conquistam Ã© por NOSSA causa. ... | Instagram"
231,20274442,0,Gameday in St. Petersburg ğŸ‡ºğŸ‡¸ | Instagram"
232,14870073,0,"Flamengo | Olha a pedra!ğŸ’£ğŸ“¸: Gilvan de Souza/CRF | Instagram"
233,15965337,0,"Flamengo | Bom dia! ğŸ†â¤ï¸ğŸ–¤#ErgaATaÃ§a ğŸ“¸ Gilvan de Souza / CRF | Instagram"
234,13383045,0,"Flamengo | Feliz PÃ¡scoa, NaÃ§Ã£o! â¤ï¸#CRF | Instagram"
235,11133869,0,"Flamengo | Our favorite song on the album â¤ï¸ğŸ–¤ @beyonce | Instagram"
236,19106615,0,"Flamengo | AniversÃ¡rio do nosso zagueirÃ£o FabrÃ­cio Bruno! Com o Manto, ele conquistou a Libertadores e a Copa do Brasil em 2022! ParabÃ©ns, felic... | Instagram"
237,17878969,0,"Flamengo | AHHHHHHH Ã‰ BRUNO HENRIQUE! ğŸ¶#VamosFlamengo ğŸ“¸ Marcelo Cortes / CRF | Instagram"
238,13510313,0,"NaÃ§Ã£o, estamos no Uruguai, querem algo?ğŸ”´âš«ï¸ğŸ†CAAAAAMMMMMPPPPEEEEEEÃƒÃƒÃƒÃƒÃƒOOOOOOOOO#VAMOSFLAMENGO | Instagram"
239,15619870,0,"FC Series | ğŸ‡ºğŸ‡¸ A match to inspire future generations.@flamengoen will face @philaunion on January 21 in St. Petersburg, FL. âš½ï¸ğŸŒ´Up to... | Instagram"
240,16098181,0,"Flamengo | VEM, ME ABRAÃ‡A MAIS!ğŸ“¸ Gilvan de Souza / CRF#VamosFlamengo #CRF | Instagram"
241,13165282,0,"Flamengo | NÃ³s.Por nÃ³s.Pelos nossos.ğ—¦ğ—˜ğ— ğ—£ğ—¥ğ—˜!ğŸ“¸ Gilvan de Souza / CRF#VamosFlamengo #CRF | Instagram"
242,15710981,0,"Flamengo | Na moral, QUE SAUDADE QUE EU TAVA DE VER O MENGÃƒO EM CAMPO! ğŸ¥°â¤ğŸ–¤ğŸ“¸ Marcelo Cortes / CRF#VamosFlamengo #CRF | Instagram"
243,14017083,0,"Flamengo | Giro + tapa + rede.ğ˜½ ğ™Š ğ™‡ ğ˜¼ ğ˜¿ ğ™Š.ğŸ“¸ Marcelo Cortes / CRF#VamosFlamengo #BANxFLA | Instagram"
244,11133867,0,"Flamengo | Pedro Ã© o artilheiro do Novo Maraca: 78 gols! #CRF #VamosFlamengo ğŸ“¸ Adriano Fontes / CRF | Instagram"
245,13383044,0,"Flamengo | Falta 1 (um) gol pro MengÃ£o fazer 13 mil na histÃ³ria. Quem serÃ¡ o pai dessa crianÃ§a?ğŸ“¸: Marcelo Cortes/CRF#NIGxFLA #VamosFlamengo | Instagram"
246,14813133,0,"Flamengo | ğŸ”´âš«ï¸MengÃ£o definido para a semifinal da Copinha!Confira a escalaÃ§Ã£o dos #GarotosDoNinho para a partida contra o Cruzeiro, vale... | Instagram"
247,15532854,0,"Flamengo | 459 anos da nossa Cidade Maravilhosa! ParabÃ©ns, RJ! ğŸ‘ğŸ‚â¤ï¸ğŸ–¤#CRF | Instagram"
248,15924769,0,"Flamengo | CampeÃ£o brasileiro (2009) e carioca (2011) com o Manto, o ex-volante chileno Maldonado faz aniversÃ¡rio hoje. ParabÃ©ns, felicidades e S... | Instagram"
249,13730023,0,"Flamengo | HOJE TEM MENGÃƒO NA COPINHA!!! ğŸ”´âš«ï¸Os #GarotosDoNinho enfrentam o Aster-SP pelas quartas de final, Ã s 19h (horÃ¡rio de BrasÃ­lia... | Instagram"
250,11677569,0,"Flamengo | â•3ï¸âƒ£âœ… MENGO!!!!Os #GarotosDoNinho do Sub-17 fazem 3 a 0 no Fluminense, em XerÃ©m, pela Copa Rio! Douglas Telles, duas vezes com... | Instagram"
251,14109694,0,"Flamengo | Os cinco primeiros jogos do MENGÃƒO no @brasileirao! #CRF #VamosFlamengo | Instagram"
252,17142031,0,"Flamengo | ILUMINADO! 4ï¸âƒ£â¤ï¸ğŸ–¤ğŸ“¸ Gilvan de Souza / CRF#VamosFlamengo #CRF | Instagram"
253,14415526,0,"Flamengo | O Ã­dolo RomÃ¡rio, quarto maior artilheiro da nossa histÃ³ria com 204 gols em 240 jogos, faz aniversÃ¡rio nesta segunda-feira. Com o Mant... | Instagram"
254,16370492,0,"Flamengo | O nosso ex-goleiro Felipe, campeÃ£o do Campeonato Carioca (2011 e 2014) e da Copa do Brasil (2013) com o Manto Sagrado, faz aniversÃ¡rio ... | Instagram"
255,14109695,0,"Flamengo | Ã‰ O ğ— ğ—˜ğ—¡ğ—šğ—¢, ESQUECE!ğŸ“¸ Gilvan de Souza / CRF#ErgaATaÃ§a | Instagram"
256,12351205,0,"Flamengo | Tudo sobre a chegada de @nicodelacruz10! Ã‰ amanhÃ£, na FlaTV! #CRF | Instagram"
257,15301277,0,"Flamengo | (Nos) Ergamos. Por nÃ³s, pelos nossos. #VamosFlamengo #FLAxNIG | Instagram"
258,13987714,0,"Flamengo | Ã‰ domingo, NaÃ§Ã£o! O MENGÃƒO enfrenta o Palmeiras, Ã s 16h, fora de casa, pelo BrasileirÃ£o! Acompanhe a transmissÃ£o em Ã¡udio da Fl... | Instagram"
259,13468780,0,"Flamengo | Ã‰ amanhÃ£, NaÃ§Ã£o! O MENGÃƒO enfrenta o Botafogo, Ã s 11h, no MaracanÃ£, pelo BrasileirÃ£o! Acompanhe a transmissÃ£o em Ã¡udio da Fla... | Instagram"
260,17613826,0,"Flamengo | ISSO AQUI Ã‰ MUITO FLAMENGO! ğŸ“¸ Gilvan de Souza / CRF#VamosFlamengo #CRF | Instagram"
261,11143656,0,"Flamengo | DECISIVO! IAGO Ã© o nome dele! ğŸ“¸ @libertadoresu20 #GarotosDoNinho #VamosFlamengo | Instagram"
262,11143657,0,"Flamengo | Hoje Ã© aniversÃ¡rio do nosso cria Igor Jesus, campeÃ£o da TaÃ§a Guanabara 2024 com o Manto! ParabÃ©ns, felicidades e SRN! ğŸ‘ğŸ‚â¤ï¸... | Instagram"
263,11453069,0,"AlÃ´, Fortaleza! A bela capital do CearÃ¡ faz 298 anos neste sÃ¡bado! ParabÃ©ns para a cidade e para todos os rubro-negros locais! ğŸ‘ ... | Instagram"
264,11677521,0,"Flamengo | No primeiro dia de MengÃ£o, a craque Cristiane esteve no Ninho do Urubu e depois dos testes, foi recebida pelo presidente Rodolfo Landim ... | Instagram"
265,18000279,0,"Flamengo | Partiu, oitavas de final! O MENGÃƒO, agora, enfrenta o Botafogo-SP na Copinha! #CRF #GarotosDoNinho ğŸ“¸ Victor Andrade / CRF | Instagram"
266,12909064,0,"Flamengo | Nossas cores vÃ£o na frente. Abrindo os caminhos. Por nÃ³s, pelos nossos.#VamosFlamengo ğŸ“¸ Pedro Miziara | Instagram"
267,15301280,0,Orlando City SC | ğŸ‡ºğŸ‡¾ | Instagram"
268,17800644,0,"Flamengo | Os nÃºmeros do jogo! Fonte: @sofascorebr_oficial #CRF #VamosFlamengo | Instagram"
269,13914501,0,"Flamengo | ğŸ“ğŸŸï¸JÃ¡ estamos no Allianz Parque, onde o MengÃ£o encara o Palmeiras, pelo @Brasileirao, Ã s 16h! VAMOS, MENGÃƒO! #VamosFlam... | Instagram"
270,16359869,0,"Flamengo | Te vejo no Maraca? â¤ï¸ğŸ–¤
NaÃ§Ã£o, domingo tem jogo do MengÃ£o pelo @brasileirao e as vendas para o pÃºblico geral jÃ¡ estÃ£o abert... | Instagram"
271,20330768,0,"Flamengo | OS #GAROTOSDONINHO ESTÃƒO ON!Com muita raÃ§a conquistaram a vaga nos Ãºltimos segundos para as quartas de final! PrÃ³xima partida Ã© co... | Instagram"
272,13959404,0,"Flamengo | ÃŠ, alafiou! ÃŠ, alafiÃ¡! Ã‰ o ğ™‰ğ™„ğ™‰ğ™ƒğ™Š ğ˜¿ğ™Š ğ™ğ™ğ™ğ˜½ğ™ preparado pra lutar!@unidosdoviradouro ğŸ“¸ Marcelo... | Instagram"
273,13510312,0,"Flamengo | JÃ¡ nÃ£o sabe? ğŸ˜ğŸ“¸: Marcelo Cortes / CRF#VamosFlamengo #ErgaATaÃ§a | Instagram"
274,17950954,0,"Flamengo | FIMMMMMMMMMMMMMM DE JOGOOOOOOOOOOOOOOOOO! OS #GAROTOSDONINHO ESTREIAM COM GOLEADA NA COPA RIO SUB-17! COMANDADOS POR FILIPE LUÃS, FLAM... | Instagram"
275,17780888,0,"Flamengo | Ã‰ amanhÃ£, NaÃ§Ã£o! O MENGÃƒO enfrenta o Vasco, Ã s 19h, no MaracanÃ£, pelo Campeonato Carioca! Acompanhe a transmissÃ£o em Ã¡udio da ... | Instagram"
276,14464646,0,"Flamengo | Mais um aniversariante do dia: o nosso ex-goleiro Hugo Souza! Com o Manto, ele foi campeÃ£o carioca (2021), brasileiro (2020), da Superco... | Instagram"
277,11742822,0,"Flamengo | Hoje Ã© aniversÃ¡rio do nosso ex-atacante @hernanebrocador, campeÃ£o e artilheiro da Copa do Brasil com o Manto Sagrado em 2013. ParabÃ©n... | Instagram"
278,17344193,0,"Flamengo | Hoje tem Jogo HistÃ³rico na FlaTV+! Vamos relembrar a goleada sobre o GrÃªmio, que classificou o MengÃ£o para a final da Libertadores 201... | Instagram"
279,14008491,0,"Flamengo | ğŸ”´âš«ï¸MengÃ£o definido para o mata-mata da Copinha!Confira a escalaÃ§Ã£o dos #GarotosDoNinho para a partida contra o SÃ£o JosÃ©-RS,... | Instagram"
280,11279767,0,"Flamengo | LÃ VAI MARIMBA! ğŸ§…ğŸ’£ğŸ“¸ Gilvan de Souza / CRF#VamosFlamengo #CRF | Instagram"
281,18235415,0,"Flamengo | As datas dos jogos da Terceira Fase da @copadobrasilcbf estÃ£o definidas. Confere! #CRF #VamosFlamengo | Instagram"
282,13987715,0,"Flamengo | Ã‰ amanhÃ£, NaÃ§Ã£o! O MENGÃƒO enfrenta o BolÃ­var (BOL), fora de casa, Ã s 21h30 (horÃ¡rio de BrasÃ­lia), pela fase de grupos da @libe... | Instagram"
283,12834853,0,"Flamengo | Ã‰ amanhÃ£, NaÃ§Ã£o! O MENGÃƒO estreia na Conmebol Libertadores, Ã s 19h (horÃ¡rio de BrasÃ­lia), contra o Millonarios (COL), fora de c... | Instagram"
284,13959403,0,CONMEBOL Libertadores Sub 20 | ğŸ†âš½ @Flamengo finalista! O rubro-negro estÃ¡ pela primeira vez na decisÃ£o da CONMEBOL #LibertadoresSub20 | Instagram"
285,18989977,0,"Flamengo | ğ‘° ğ‘´ ğ‘· ğ‘¨ ğ‘¹ ğ‘¨Ì ğ‘½ ğ‘¬ ğ‘³.. ğŸƒğŸ’¨ğŸ“¸ Marcelo Cortes / CRF#VamosFlamengo #CRF | Instagram"
286,12153078,0,"Flamengo | Jogadores e comissÃ£o tÃ©cnica do MengÃ£o realizaram um jantar de confraternizaÃ§Ã£o, na Ãºltima noite nos Estados Unidos. ğŸ‡ºğŸ‡¸ğŸ¤ ... | Instagram"
287,16098166,3,"Flamengo | SÃ¡bado tem final no Maraca! E vocÃª, sÃ³cio-torcedor, jÃ¡ pode garantir o seu ingresso para o Nova IguaÃ§u x Flamengo deste sÃ¡bado (3... | Instagram"
288,14645559,3,"Flamengo | O nosso ex-goleiro Diego, campeÃ£o carioca (2004, 2007, 2008 e 2009), da Copa do Brasil (2006) e brasileiro (2009) com o Manto, faz anive... | Instagram"
289,16555896,3,Boa noite! â¤ï¸ğŸ–¤#VamosFlamengo ğŸ“¸ Marcelo Cortes / CRF | Instagram"
290,14604209,3,"Flamengo | A FlaTV conversou com Everton Ribeiro e preparou um especial emocionante! NÃ£o perca o papo com o craque, que vai ao ar Ã s 21h na FlaTV+... | Instagram"
291,14752923,3,Time Flamengo | FINAAAAAAAAAAAAL DE JOGO NO MARACANÃƒZINHO! ğŸO #SESCRJFLAMENGO TEM GRANDE ATUAÃ‡ÃƒO E VENCE O CLÃSSICO CONTRA O FLUMINENSE POR 3 A ... | Instagram"
292,16233746,3,ğŸ¥‡ğŸ”´âš«ï¸ Pose de CAMPEÃƒO da AmÃ©rica!Os #GarotosDoNinho receberam as faixas e fizeram a foto oficial como campeÃµes da Conmebol ... | Instagram"
293,14392389,3,"Flamengo | Intervalo de jogo em Osasco. O MENGÃƒO vai vencendo o SÃ£o JosÃ© (RS) por 2 a 1, pela Terceira Fase da Copinha. Os gols rubro-negros fora... | Instagram"
294,14329573,3,"Flamengo | O MengÃ£o jÃ¡ tem adversÃ¡rio definido na Copinha!Os #GarotosDoNinho enfrentam o Cruzeiro, na segunda (22), em Barueri, Ã s19h30 com t... | Instagram"
295,14464621,3,"Flamengo | MENGÃƒO NA ÃREA! ğŸŸï¸ğŸ”´âš«ï¸Ã€s 21h30 (BrasÃ­lia), O Mais Querido farÃ¡ sua estreia na temporada e no Campeonato Carioca 2024. A... | Instagram"
296,16963602,3,"Flamengo | O nosso ex-lateral-esquerdo Athirson, campeÃ£o da Copa Ouro Sul-Americana (1996), do Campeonato Carioca (1996, 1999 e 2000) e da Copa Mer... | Instagram"
297,16507943,3,"Flamengo | O nosso ex-lateral Juan faz aniversÃ¡rio hoje! Com o Manto, ele conquistou tÃ­tulos importantÃ­ssimos como a Copa do Brasil de 2006, o Br... | Instagram"
298,16007761,3,"Flamengo | HOJE TEM MENGÃƒO!!! ğŸ”´âš«ï¸Os #GarotosDoNinho enfrentam o NÃ¡utico-PE pelo mata-mata da Copinha, Ã s 21h30 (horÃ¡rio de BrasÃ­lia), ... | Instagram"
299,15887075,3,"Flamengo | HOJE TEM MENGÃƒO!!! ğŸ”´âš«ï¸Os #GarotosDoNinho dÃ£o o pontapÃ© inicial do futebol Rubro-Negro em 2024, pela Copinha, contra o SÃ£o Jo... | Instagram"
300,17462560,3,"Flamengo | ğŸ”´âš«ï¸Ã‰ GOLEADA DOS #GAROTOSDONINHO!!!Fim de jogo na Copa Rio Sub-17!! O MengÃ£o venceu o Resende por 6 a 0! Joshua fez um hat tri... | Instagram"
301,17142007,3,"Flamengo | MengÃ£o, valeu! Hoje o Maraca Ã© quizumba; Ã© batuque, canto e danÃ§a; jogo e gol do meu Mengo!ğŸ”µâšª @unidosdevilaisabel ğŸ“¸ Gilva... | Instagram"
302,13730001,3,Time Flamengo | FINAAAAAAAAAAAAL DE JOGO NO MARACANÃƒZINHO! ğŸO #SESCRJFLAMENGO TEM GRANDE ATUAÃ‡ÃƒO E VENCE O CLÃSSICO CONTRA O FLUMINENSE POR 3 A ... | Instagram"
303,15128164,3,"Flamengo | Hoje tambÃ©m Ã© aniversÃ¡rio do nosso cria Cleiton, campeÃ£o da Libertadores (2022), da Copa do Brasil (2022) e do Carioca (2024) com o M... | Instagram"
304,15619833,3,"Flamengo | ğ˜¼ğ™‡ğ™ğ˜¾ğ™„ğ™‰ğ˜¼ğ™‰ğ™ğ™€ ğŸƒğŸ’¨ ğŸ‡ºğŸ‡¾ğŸ“¸ Gilvan de Souza / CRF#VamosFlamengo #ErgaATaÃ§a | Instagram"
305,15784186,3,"Flamengo | Se Ã© jogo histÃ³rico, vocÃª confere na FlaTV+! Acesse agora: flatvmais.com.br #CRF | Instagram"
306,15073742,3,"Flamengo | Ã‰ amanhÃ£, NaÃ§Ã£o!O MENGÃƒO enfrenta o Sampaio CorrÃªa (RJ), Ã s 21h30, em BelÃ©m, pelo Campeonato Carioca. Acompanhe a transmissÃ£o ... | Instagram"
307,17540030,3,"Flamengo | Hoje Ã© aniversÃ¡rio do nosso Ã­dolo SÃ¡vio, o Anjo Loiro da GÃ¡vea! Com o Manto, ele foi campeÃ£o carioca (1996) e da Copa Ouro Sul-Am... | Instagram"
308,13987703,3,"Flamengo | Fique ligado na FlaTV+! Hoje, Ã s 17h, tem Flamengo AlÃ©m do Esporte! Acesse agora: flatvmais.com.br #CRF | Instagram"
309,12415480,3,"Flamengo | Olhe pro cÃ©u onde a lua vagueia; as estrelas brilham no chÃ£o... nossa torcida Ã© a luz que clareia; Ã´ FLAMENGO do meu coraÃ§Ã£o!ğŸ”´... | Instagram"
310,15301258,3,"Flamengo | Estamos na Ã¡rea! ğŸ‡ºğŸ‡¾â¤ï¸ğŸ–¤#FLAxFLU #VamosFlamengo ğŸ“¸ Marcelo Cortes / CRF | Instagram"
311,16370480,3,"Flamengo | A GENTE EM CAMPO!ğŸ“¸ Gilvan de Souza / CRF#VamosFlamengo #CRF | Instagram"
312,14258065,3,"Flamengo | Servidos? âš½ï¸ğŸ’¨#VamosFlamengo ğŸ“¸: Marcelo Cortes /CRF | Instagram"
313,12929945,3,"Flamengo | Fique ligado na FlaTV+! Vamos relembrar esse jogÃ£o a partir das 15h! Acesse agora: flatvmais.com.br #CRF | Instagram"
314,15443689,3,CONMEBOL Libertadores Sub 20 | ğŸ’ª O caminho para o tÃ­tulo!âš½ğŸ¤© Os adversÃ¡rios do @flamengo na Semifinal e na Final para a conquista da CONMEBOL #LibertadoresSu... | Instagram"
315,14520067,3,"Flamengo | Os nÃºmeros do jogo! Fonte: @footstats.i2a #FLAxFLU #VamosFlamengo | Instagram"
316,14908059,3,"Flamengo | ParabÃ©ns, Salvador! 475 anos! A todos os torcedores do MengÃ£o locais, o nosso forte abraÃ§o! ğŸ‘ğŸ‚â¤ï¸ğŸ–¤#CRF | Instagram"
317,17673782,3,"Flamengo | Vamos, Flamengo! â¤ï¸ğŸ–¤

Os sÃ³cios-torcedores dos nÃ­veis 3 e 4 jÃ¡ podem garantir seus ingressos para Flamengo x SÃ£o Paulo, pelo... | Instagram"
318,15954062,3,"Flamengo | Fim de jogo na rua Bariri! Os #GarotosDoNinho iniciam a Copa Olaria Renovado com vitÃ³ria sobre os donos da casa.âš½ï¸Ryan Pabloâš½ï¸... | Instagram"
319,14965875,3,"Flamengo | Ã‰ amanhÃ£, NaÃ§Ã£o! O MENGÃƒO enfrenta o Fluminense, Ã s 16h, no MaracanÃ£, pelo Campeonato Carioca! Acompanhe a transmissÃ£o em Ã¡udi... | Instagram"
320,17377051,3,"Flamengo | NO MEU QUENGO Ã‰ SÃ“ FLAMENGO! â¤ğŸ–¤ğŸ“¸ Marcelo Cortes / CRF#VamosFlamengo #CRF | Instagram"
321,15737652,3,"Flamengo | Claudio Coutinho, um dos maiores tÃ©cnicos da histÃ³ria do futebol brasileiro, faria aniversÃ¡rio nesta sexta-feira. Pelo Mais Querido, c... | Instagram"
322,16155844,3,"Flamengo | ğŸ”´âš«ï¸MengÃ£o definido para o mata-mata da Copinha!Confira a escalaÃ§Ã£o dos #GarotosDoNinho para a partida contra o Aster-SP, pela... | Instagram"
323,13875254,3,"Flamengo | ParedÃµes e preparadores no dia dos goleiros! ğŸ§¤âš½ï¸ #VamosFlamengo ğŸ“¸: Marcelo Cortes /CRF | Instagram"
324,16829369,3,"Flamengo | Uma virada inesquecÃ­vel assim tem que ser revista quantas vezes for possÃ­vel. E quem Ã© assinante da FlaTV+ pode assistir Ã  final da C... | Instagram"
325,17613789,3,"Flamengo | O nosso ex-atacante Souza, bicampeÃ£o carioca com o Manto (2007 e 2008), faz aniversÃ¡rio nesta segunda-feira! ParabÃ©ns, CaveirÃ£o! Feli... | Instagram"
326,12295769,3,"Flamengo | Se Ã© Jogo HistÃ³rico, estÃ¡ na FlaTV+! Acesse agora: flatvmais.com.br#CRF | Instagram"
327,13546588,3,"Flamengo | Os nÃºmeros do jogo! Fonte: FootStats #CRF #VamosFlamengo | Instagram"
328,15214905,3,"Flamengo | No meu destino a eternidade, traz no Manto a liberdade!ğŸ”´ğŸŸ¢ @granderio ğŸ“¸ Marcelo Cortes / CRF#VamosFlamengo #CRF | Instagram"
329,16434200,3,"Flamengo | Mais um aniversariante do dia: o nosso ex-volante Willians, campeÃ£o brasileiro (2009) e carioca (2009 e 2011) com o Manto Sagrado. Parab... | Instagram"
330,17818642,3,"Flamengo | NOSSO REI! ğŸ‘‘â¤ï¸ğŸ–¤ | Instagram"
331,17038271,3,"Flamengo | Os ingressos para o primeiro jogo do MengÃ£o no Maraca, pela Conmebol Libertadores, contra o Palestino, jÃ¡ estÃ£o Ã  venda para o nÃ­vel... | Instagram"
332,17762339,3,"Flamengo | Fimmm de jogo no CEFAN! O MengÃ£o venceu o Serrano por 4 a 3 e se manteve invicto na Copa Rio. JoÃ£o Vitor, Luiz Guilherme, Gabriel San... | Instagram"
333,12153061,3,"Flamengo | FIMMMM DE JOGO! âš«ï¸ğŸ”´Ã‰ goleada dos #GarotosDoNinho! O Sub-17 vence o Serrano por 6 a 0. Douglas Teles, duas vezes, Pablo, David V... | Instagram"
334,14858026,3,"Flamengo | Hoje Ã© aniversÃ¡rio do nosso ex-zagueiro Matheus Thuler, campeÃ£o carioca (2019 e 2020), da Libertadores (2019), do Brasileiro (2019 e 2... | Instagram"
335,13093686,3,"Flamengo | Ingressos Ã  venda! ğŸŸï¸ Os ingressos para a final do Campeonato Carioca 2024, contra o Nova IguaÃ§u, jÃ¡ estÃ£o Ã  venda para o nÃ­... | Instagram"
336,18013067,3,"Flamengo | HOJE TEM MENGÃƒO!!! ğŸ”´âš«ï¸Os #GarotosDoNinho enfrentam o SÃ£o JosÃ©-RS pelo mata-mata da Copinha, Ã s 21h30 (horÃ¡rio de BrasÃ­lia)... | Instagram"
337,15532823,3,"Flamengo | Barba âœ…Cabelo âœ…Bigode âœ…3ï¸âƒ£âœ–ï¸9ï¸âƒ£!ğŸ“¸ Marcelo Cortes / CRF#VamosFlamengo #CRF | Instagram"
338,16880940,3,"Flamengo | HOJE TEM MENGÃƒO NA COPINHA!!! ğŸ”´âš«ï¸Os #GarotosDoNinho enfrentam o Botafogo-SP pelo mata-mata da competiÃ§Ã£o, Ã s 19h15 (horÃ¡rio... | Instagram"
339,17950908,3,"Flamengo | Com as agendas 2024 do Flamengo, vocÃª mantÃ©m a sua organizaÃ§Ã£o enquanto torce! Anote as principais datas e nÃ£o perca nenhum jogo c... | Instagram"
340,16621749,3,"Erguer nossos valores. RaÃ§a, amor, paixÃ£o. Erguer os nossos.  ğ—¢ ğ—»ğ—¼ğ˜€ğ˜€ğ—¼ ğ— ğ—®ğ—»ğ˜ğ—¼ ğ˜€ğ—¼ğ—ºğ—¼ğ˜€ ğ—» ... | Instagram"
341,13875289,3,"Flamengo | NaÃ§Ã£o, Ã© hora de fazer a diferenÃ§a! â¤ï¸ğŸ–¤  Os ingressos para o pÃºblico geral jÃ¡ estÃ£o Ã  venda. VocÃª nÃ£o pode ficar de fo... | Instagram"
342,17314738,3,"Flamengo | NaÃ§Ã£o, o primeiro clÃ¡ssico do Mais Querido em 2024 vem aÃ­! No prÃ³ximo domingo (04), Ã s 19h, o MengÃ£o enfrenta o Vasco, no Maracan ... | Instagram"
343,18341656,3,"Flamengo | Ã‰ CAMPEÃƒO!Neste domingo, em MacaÃ©, os #GarotosDoNinho do sub-14 venceram o Fluminense por 2 a 0 na final da Brasil Soccer Cup. Ã‰ a ... | Instagram"
344,13165235,3,"Flamengo | Ã‰ hoje, NaÃ§Ã£o! O MENGÃƒO enfrenta o SÃ£o Paulo, Ã s 21h30, no MaracanÃ£, pelo BrasileirÃ£o! Acompanhe a transmissÃ£o em Ã¡udio da Fl... | Instagram"
345,18792605,3,"Flamengo | Se Ã© jogo histÃ³rico, estÃ¡ na FlaTV+! Acesse agora: flatvmais.com.br #CRF | Instagram"
346,12531638,3,"Flamengo | Fim de jogo em GoiÃ¢nia.O Flamengo Sub-20 perde na estreia do BrasileirÃ£o da categoria por 2 a 1. A equipe volta a campo pela competi ... | Instagram"
347,19481522,3,"Flamengo | NaÃ§Ã£o, contamos com o seu apoio no clÃ¡ssico desta quarta-feira!O MengÃ£o enfrenta o Botafogo, no Maraca, e os ingressos estÃ£o Ã  ve... | Instagram"
348,16673284,3,"Flamengo | Avistei a final do @cariocao! ğŸ”´âš«ï¸#VamosFlamengo ğŸ“¸: Marcelo Cortes /CRF | Instagram"
349,17878958,3,"Flamengo | ğŸ”´âš«ï¸ğŸ†Pra cima deles, FLAMENGO!!!Os #GarotosDoNinho vÃ£o enfrentar o Olympiakos-GRE pelo Intercontinental Sub-20! Depois de con... | Instagram"
350,16758680,3,FC Series | NBA Night ğŸ€ğŸª„ | Instagram"
351,12834841,3,"Flamengo | FIMMM DE JOGO NO URUGUAI! O MENGÃƒO VENCE O AUCAS por 2 a 1, de virada, e chega a seis pontos em dois jogos na fase de grupos da Libertad... | Instagram"
352,18900027,3,"O nosso Ã­dolo Silva Batuta faria aniversÃ¡rio hoje. Com o Manto Sagrado, ele brilhou no tÃ­tulo do Estadual de 1965 e marcou Ã©poca na d... | Instagram"
353,20006355,3,"Flamengo | Fala, rubro-negro! Partiu Maraca? ğŸ”´âš« Quarta (17) tem o primeiro jogo do MengÃ£o, em casa, pelo @brasileirao e contamos com vocÃª! ... | Instagram"
354,11179494,3,"Flamengo | Ã‰ hoje, NaÃ§Ã£o! MengÃ£o em dose dupla na FlaTV! Ã€s 16h, o Mais Querido enfrenta o Philadelphia Union (EUA), pela @fcseries! Ã€s 18h1... | Instagram"
355,18710591,3,"Flamengo | ğŸ”´âš«ï¸MengÃ£o definido para o mata-mata da Copinha!Confira a escalaÃ§Ã£o dos #GarotosDoNinho para a partida contra o Botafogo-SP, p... | Instagram"
356,19106619,3,"Flamengo | Estamos ao vivo, NaÃ§Ã£o! Vem com a FlaTV! Link nos stories! #BOLxFLA #VamosFlamengo | Instagram"
357,11143648,3,"Flamengo | BOA NOITE, NAÃ‡ÃƒO! ğŸ”´âš«ï¸JÃ¡ estamos no BatistÃ£o para a partida entre Flamengo e Bangu, pelo @Cariocao! Ã€s 21h30 a bola rola p... | Instagram"
358,18989947,3,"Flamengo | De La Cruz tÃ¡ chegando e a FlaTV te mostra tudo! Ã‰ hoje! ğŸ‡ºğŸ‡¾â¤ï¸ğŸ–¤#CRF | Instagram"
359,18206146,3,"Flamengo | Vem com a FlaTV! Estamos ao vivo! Link nos stories! #PALxFLA #VamosFlamengo #PixbetFlaTV #BRBFla | Instagram"
360,15619841,3,"Flamengo | Meu Flamengo, meu Flamengo, nÃ£o Ã© segredo eu amar vocÃªDecifrar, isso eu nÃ£o sei dizerSÃ£o coisas do meu coraÃ§Ã£oEu quero ver Pedr... | Instagram"
361,18547504,3,"Flamengo | Ã‰ amanhÃ£, NaÃ§Ã£o! O MENGÃƒO enfrenta o Fluminense, Ã s 21h, no MaracanÃ£, pelo jogo de volta da semifinal do @cariocao! Acompanhe a ... | Instagram"
362,18248645,3,"Flamengo | Judas Tadeu, meu padroeiro! TRAZ A VITÃ“RIA PRO MEU FLAMENGO!ğŸ”´âšª @salgueirooriginal #VamosFlamengo #CRF ğŸ“¸ Gilvan de Souza / CRF | Instagram"
363,11483404,3,"Flamengo | MEEEEENNNNGOOOOOğŸ”´âš«ï¸!!!!!Os #GarotosDoNinho do Sub-15 conquistaram a IberCup Cascais de forma invicta, em Portugal, e garantiram ... | Instagram"
364,11434180,3,"Flamengo | Muito Ã­dolo e muito craque! Andrade, que conquistou absolutamente tudo com o Manto Sagrado, faz aniversÃ¡rio neste domingo! Como jogador... | Instagram"
365,18395152,3,"Flamengo | Ã‰ amanhÃ£, NaÃ§Ã£o! O MENGÃƒO enfrenta o Palestino (CHI), Ã s 21h30, no MaracanÃ£, pela fase de grupos da @libertadoresbr! Acompanhe a... | Instagram"
366,17673796,3,"Flamengo | Na noite de ontem (01/04), as diretorias de Flamengo e Millonarios confraternizaram no tradicional jantar da vÃ©spera do duelo entre as e... | Instagram"
367,11243647,3,"Flamengo | Tem mais jogo do MengÃ£o vindo aÃ­! ğŸ”´âš«ApÃ³s vencer o clÃ¡ssico, o Mais Querido tem mais um desafio pelo Campeonato Carioca no prÃ³... | Instagram"
368,11988911,3,"Flamengo | Os nÃºmeros do jogo! Fonte: @footstats.i2a #CRF | Instagram"
369,18943563,3,"Flamengo | O craque SÃ³crates faria aniversÃ¡rio nesta segunda-feira. Tivemos o prazer de vÃª-lo vestindo o Manto Sagrado em 1986 e 1987. Obrigado p... | Instagram"
370,15695822,3,"Flamengo | O Manto nos ergue: quando o vestimos, nos sentimos maiores, mais felizes. Elevados. Nos reconhecemos naquilo que nos une.ErguÃª-lo Ã© u... | Instagram"
371,16007774,3,"Flamengo | Hoje Ã© aniversÃ¡rio do nosso ex-meia Beto, tricampeÃ£o carioca (1999, 2000 e 2001), campeÃ£o da Mercosul (1999) e campeÃ£o da Copa dos C... | Instagram"
372,15260390,3,"Flamengo | BrasÃ­lia completa hoje 64 anos! ParabÃ©ns para a querida capital do paÃ­s e para todos os rubro-negros locais! ğŸ‘ğŸ‚â¤ï¸ğŸ–¤ | Instagram"
373,17613822,3,"Flamengo Esports | NaÃ§Ã£o, voltamos para o League of Legends, onde fizemos histÃ³ria sendo tricampeÃµes do Academy e CampeÃµes do CBLOL em 2019, no Rio!V... | Instagram"
374,15887084,3,"Flamengo | Os ingressos para o primeiro jogo do MengÃ£o no Maraca, pelo BrasileirÃ£o, contra o SÃ£o Paulo, jÃ¡ estÃ£o Ã  venda para o nÃ­vel 0 do Na... | Instagram"
375,15721749,3,"Flamengo | Pra lotar o Maraca! ğŸŸï¸ A venda de ingressos para o pÃºblico geral jÃ¡ estÃ¡ aberta e vocÃª pode apoiar o MengÃ£o no primeiro jogo ... | Instagram"
376,12531642,3,"Flamengo | FIM DE JOGO NO URUGUAI! O MENGÃƒO vence o Defensor (URU) por 1 a 0 com gol de Wallace Yan em sua estreia na Conmebol Libertadores Sub-20!... | Instagram"
377,14752912,3,"Flamengo | PUSKAS QUE PARIU!Um golaÃ§o espetacular pra simbolizar uma campanha excelente. AliÃ¡s... uma campanha recorde.O MengÃ£o avassalador d... | Instagram"
378,12056048,3,"Flamengo | Vem com a FlaTV+! A vitÃ³ria do MengÃ£o sobre o SÃ£o Paulo, pelo BrasileirÃ£o, completinha! Acesse agora: flatvmais.com.br #CRF | Instagram"
379,15954084,3,"Flamengo | ğŸ‡ºğŸ‡¾ğŸ‡¨ğŸ‡± | Instagram"
380,16337483,3,"Flamengo | ğŸ‡§ğŸ‡· Arena das Dunas ğŸŸğŸ“Ã€s 18h10 (de BrasÃ­lia) a bola rola pro #PORxFLA!ğŸ“¸ Paula Reis / CRF#VamosFlamengo | Instagram"
381,16496393,3,"Flamengo | FIIIIM DE JOGO NO URUGUAI! O MENGÃƒO goleia o Sporting Cristal (PER) por 4 a 1 com gols de Wallace Yan (2), Felipe Teresa e Iago, e encer... | Instagram"
382,16168298,3,"Flamengo | BOLA ROLANDO! PRA CIMA DELES, FLAMENGO!#FLAxORL #VamosFlamengo | Instagram"
383,14209903,3,"Flamengo | Fim do primeiro tempo no Uruguai! O MENGÃƒO vai vencendo o Sporting Cristal por 3 a 0. Gols de Wallace Yan (2) e Felipe Teresa! #Garo... | Instagram"
384,15619872,3,"Flamengo | FIMMMMM DE JOGO NA GÃVEA!!!!O MengÃ£o Sub-20 vence o CuiabÃ¡ por 3 a 1 e conquista os 3ï¸âƒ£ pontos no BrasileirÃ£o!!! âš½ï¸Os gol... | Instagram"
385,16034345,3,"Flamengo | TricampeÃ£o Carioca (2007, 2008 e 2009), campeÃ£o da Copa do Brasil (2006) e do Campeonato Brasileiro (2009) com o Manto Sagrado, o volan... | Instagram"
386,14624194,3,"Flamengo | Ã‰ amanhÃ£, NaÃ§Ã£o! O MENGÃƒO enfrenta o Bangu, Ã s 21h30, em Aracaju, pelo Campeonato Carioca! Acompanhe a transmissÃ£o em Ã¡udio da ... | Instagram"
387,16155860,3,"Flamengo | Se Ã© Jogo HistÃ³rico, estÃ¡ na FlaTV+! Fique ligado! Acesse agora: flatvmais.com.br #CRF | Instagram"
388,15721731,3,"Flamengo | Partiu Uruguai ğŸ‡ºğŸ‡¾!ApÃ³s treino na manhÃ£ desta quarta, os #GarotosDoNinho embarcaram para o paÃ­s-sede da Libertadores Sub-20, em... | Instagram"
389,16621757,3,"Flamengo | VAMOS MENGÃƒO ğŸ”´âš«ï¸!!Confira a escalaÃ§Ã£o dos #GarotosDoNinho para a grande final da Libertadores Sub-20 contra o Boca Juniors-AR... | Instagram"
390,14317354,3,"Flamengo | Tamo junto NaÃ§Ã£o de SÃ£o Paulo!!Os #GarotosDoNinho voltam a campo no sÃ¡bado (13), jÃ¡ pelo mata-mata da Copinha contra o NÃ¡utico-PE... | Instagram"
391,14008477,3,"Flamengo | Fim de jogo na GÃ¡vea.O Flamengo perde por 2 a 1 para o Palmeiras em jogo vÃ¡lido pela 3Âª rodada do BrasileirÃ£o Sub-20. O prÃ³ximo jo... | Instagram"
392,14908068,3,"Flamengo | O nosso reforÃ§o @carlinhos_l9 estarÃ¡ na transmissÃ£o da FlaTV desta quarta-feira! Fique ligado! #CRF #VamosFlamengo | Instagram"
393,16434213,3,"Flamengo | Se Ã© Jogo HistÃ³rico, estÃ¡ na FlaTV+! Acesse agora: flatvmais.com.br #CRF | Instagram"
394,13570116,3,"Flamengo | NÃ£o importa o que vocÃª esteja vestindo no momento, carregar o Manto no peito Ã© sempre melhor. Garanta jÃ¡ o novo Manto 1 de 2024 na Lo... | Instagram"
395,17762335,3,"Flamengo | Flamenguista Ã© assim: alegre e de bem com a vida!VIVA ZIRALDO! â¤ğŸ–¤ğŸ“¸ Gilvan de Souza / CRF#VamosFlamengo #CRF | Instagram"
396,17540041,3,"Flamengo | AmanhÃ£ tem MENGÃƒO! O Mais Querido enfrenta o Botafogo, Ã s 21h30, no MaracanÃ£, pelo @cariocao! Acompanhe a transmissÃ£o em Ã¡udio da... | Instagram"
397,12295801,3,"Flamengo | EscalaÃ§Ã£o do MengÃ£o para a estreia no BrasileirÃ£oğŸ”›âœ…Confira os 1ï¸âƒ£1ï¸âƒ£ iniciais do Sub-20 do Flamengo para o jogo contra... | Instagram"
398,17055873,3,CONMEBOL Libertadores Sub 20 | ğŸ”´âš« @flamengo campeÃ£o da CONMEBOL #LibertadoresSub20Qual seria o seu Top3 de destaques? ğŸ¤”ğŸ” | Instagram"
399,13747306,3,"Flamengo | Ã‰ amanhÃ£, NaÃ§Ã£o! O MENGÃƒO enfrenta o Fluminense, Ã s 21h, no MaracanÃ£, pelo primeiro jogo da semifinal do @cariocao! Acompanhe a ... | Instagram"
400,18218726,3,"Flamengo | ğŸ«¡ğŸ”´âš«ï¸RUMO A MAIS UM TÃTULO INÃ‰DITO, #GAROTOSDONINHO!Com o titulo invicto da Libertadores Sub-20, a molecada terÃ¡ a chance d... | Instagram"
401,18413123,3,"Flamengo | Ã‰ amanhÃ£, NaÃ§Ã£o! O MENGÃƒO estreia no @brasileirao, Ã s 16h, no Serra Dourada, contra o AtlÃ©tico-GO! Acompanhe a transmissÃ£o em  ... | Instagram"
402,14858035,3,"Flamengo | Se Ã© Jogo HistÃ³rico, estÃ¡ na FlaTV+! Vem com a gente! Acesse: flatvmais.com.br #CRF | Instagram"
403,17377077,3,"Flamengo | Boa noite, NaÃ§Ã£o! Estamos no Maraca! Logo mais, Ã s 21h30, tem MENGÃƒO x Boavista, pelo @Cariocao! Vamos juntos! ğŸ’ªâ¤ï¸ğŸ–¤#FLA... | Instagram"
404,18135723,3,"Flamengo | Jogo HistÃ³rico Ã© na FlaTV+! Vem com a gente! Acesse agora: flatvmais.com.br #VamosFlamengo | Instagram"
405,16985195,3,"Flamengo | Os nÃºmeros do jogo! Fonte: @footstats.i2a #CRF #VamosFlamengo | Instagram"
406,17504922,3,"Time Flamengo | FIIIIIMMMMMM DE JOGO! 1ï¸âƒ£1ï¸âƒ£âœ…O MengÃ£o domina do inÃ­cio ao fim e vence o Barueri, fora de casa, por 3 sets a 0. SÃ£o DOZE vi... | Instagram"
407,20107641,3,"Flamengo | AlÃ´, NaÃ§Ã£o! JÃ¡ garantiu seu ingresso pra final?SÃ¡bado Ã© dia de MengÃ£o e a gente conta com o seu apoio nos primeiros 90 minutos d... | Instagram"
408,12375112,3,"Flamengo | O tempo voa, mas as memÃ³rias do ano de 2019 ficarÃ£o para sempre na cabeÃ§a e no coraÃ§Ã£o da NaÃ§Ã£o! E agora, em janeiro, a FlaTV+ te ... | Instagram"
409,17344181,3,"Flamengo | Vem que daqui a pouco tem Jogo HistÃ³rico na FlaTV+! Acesse agora: flatvmais.com.br #CRF | Instagram"
410,17325041,3,"Flamengo | Estamos ao vivo, NaÃ§Ã£o! Acompanhe o prÃ©-jogo na FlaTV! #VASxFLA #VamosFlamengo #PixbetFlaTV #BRBFla | Instagram"
411,16621769,3,"Flamengo | Os #GarotosDoNinho foram superados pelo Vasco na Copa Rio sub-20 pelo placar de 3 a 0. O prÃ³ximo compromisso Ã© no sÃ¡bado que vem (9) c... | Instagram"
412,16985194,3,"Flamengo | ğ€ğ“ğ„ğğ‚Ì§ğ€Ìƒğ SÌµaÌµpÌµuÌµcÌµaÌµÃ­Ìµ  ğŒğ€ğ‘ğ€ğ‚ğ€ğğ€ÌƒHoje Ã© dia de botar nosso bloco na rua! Har... | Instagram"
413,19157401,3,"Flamengo | E foi aÃ­ que todo mundo descobriu que ele nÃ£o tinha sido um menino maluquinho, ele tinha sido era um menino feliz!MilhÃµes de cora ... | Instagram"
414,18248652,3,"Flamengo | MEEENNNGGOOOOO ğŸ”´âš«ï¸!!!Mais cedo, os #GarotosDoNinho garantiram a classificaÃ§Ã£o para a final da Copa Rio Sub-20 na RAÃ‡A!! Jogan... | Instagram"
415,17818673,3,"Flamengo Futebol Feminino | Assim como no futebol masculino, a Pixbet tambÃ©m serÃ¡ o patrocinador master das #MeninasDaGÃ¡vea! Em busca de multiplicar cada vez mais... | Instagram"
416,19726707,3,"Flamengo | A NaÃ§Ã£o em SÃ£o Paulo vem dando show, e os #GarotosDoNinho contam novamente com o apoio na Copinha!O MengÃ£o enfrenta o Botafogo-SP  ... | Instagram"
417,18309244,3,"Flamengo | VAI PRA CIMA DELES MENGO! ğŸ”´âš«ï¸Confira a escalaÃ§Ã£o dos #GarotosDoNinho para a partida contra o Aucas-EQU, pela 2Âª rodada da fas... | Instagram"
418,18879051,3,"NÃ³s contamos com a sua torcida no Maraca! ğŸŸï¸Os ingressos para o duelo contra o Boavista jÃ¡ estÃ£o Ã  venda para os nÃ­veis 0, 1 ... | Instagram"
419,18595440,3,"Flamengo | Estamos ao vivo, NaÃ§Ã£o! Vem com a FlaTV! Link nos stories! #VamosFlamengo | Instagram"
420,18395175,3,"Flamengo | ğŸ‡§ğŸ‡· Enquanto isso, em JoÃ£o Pessoa... ESTAMOS NO ALMEIDÃƒO PARA O CONFRONTO COM O NOVA IGUAÃ‡U! ğŸ“¸ Paula Reis / CRF#VamosFlamen... | Instagram"
421,18572011,3,"Flamengo | Mais um aniversariante especial: Jayme de Almeida, campeÃ£o pelo MengÃ£o como jogador e tÃ©cnico. ParabÃ©ns, Jayme! A NaÃ§Ã£o te abraÃ§a!... | Instagram"
422,19054593,3,"Flamengo | HOJE TEM MENGÃƒO!!! ğŸ”´âš«ï¸Os #GarotosDoNinho encerram a fase de grupos da Copinha contra o Audax-SP, Ã s 17h30 (horÃ¡rio de BrasÃ­l... | Instagram"
423,18968414,3,"Flamengo | Hoje tambÃ©m Ã© aniversÃ¡rio do cria Matheus FranÃ§a, campeÃ£o da Libertadores (2022) e da Copa do Brasil (2022) com o Manto! ParabÃ©ns, ... | Instagram"
424,18735425,3,"Flamengo | Boa noite, NaÃ§Ã£o! #VamosFlamengo ğŸ“¸ Marcelo Cortes / CRF | Instagram"
425,11243675,3,"Flamengo | Oh, meu MengÃ£o! â¤ï¸ğŸ–¤ Os ingressos para Flamengo x Botafogo, no MaracanÃ£, jÃ¡ estÃ£o Ã  venda para o nÃ­vel 0 do NaÃ§Ã£o SÃ³cio-... | Instagram"
426,13585138,3,"Flamengo | Noites de Copa... sempre Ãºnicas.Estreamos na nossa casa, o Templo do Futebol, pela CONMEBOL Libertadores 2024. ğ—˜Ì ğ—¡ğ—¢ğ—œğ—§... | Instagram"
427,14447705,2,"Flamengo | HOJE TEM MENGÃƒO NA FINAL DA LIBERTADORES SUB-20!!!!!ğŸ”´âš«Logo mais, os #GarotosDoNinho enfrentam o Boca Juniors-ARG, valendo o tÃ­tu... | Instagram"
428,16456040,2,"Flamengo | NaÃ§Ã£o, os ingressos para a primeira partida da final do Campeonato Carioca 2024, contra o Nova IguaÃ§u, jÃ¡ estÃ£o Ã  venda para o nÃ­v... | Instagram"
429,11279748,2,"Flamengo | Foram conhecidos nesta terÃ§a-feira os adversÃ¡rios do Flamengo na fase de grupos da Conmebol Libertadores Sub-20. Os Garotos do Ninho ir... | Instagram"
430,17218066,2,"Flamengo | NaÃ§Ã£o, qual foi o gol mais bonito de 2023?VÃ¡ para o app da @sociosdotcom e escolha o seu favorito! ğŸ”´âš«O link para votar estÃ¡ ... | Instagram"
431,16049420,2,"Flamengo | ğŸ“ MaracanÃ£ ğŸŸï¸ğŸ”´âš«ï¸ #FLAxVRE ğŸ“¸: Gilvan de Souza /CRF | Instagram"
432,15914068,2,"Flamengo | Fim de jogo na Copa Rio Sub-17.Os #GarotosDoNinho perdem por 1 a 0 para o Nova IguaÃ§u. Na prÃ³xima rodada, o MengÃ£o tem clÃ¡ssico com... | Instagram"
433,11434200,2,"Flamengo | Hoje tambÃ©m Ã© aniversÃ¡rio de Curitiba! 331 anos! ParabÃ©ns para a capital do ParanÃ¡ e a todos os torcedores do MengÃ£o da regiÃ£o!  ... | Instagram"
434,16910154,2,"Flamengo | Hoje tem MengÃ£o na final da Copa Rio Sub-20!Os #GarotosDoNinho enfrentam o Vasco, pelo primeiro jogo da decisÃ£o! A bola rola Ã s 10h,... | Instagram"
435,13257100,2,"Flamengo | Mais um aniversariante do dia: Jean! Ele fez o Hat-Trick sobre o Vasco na final do Carioca de 2004 e garantiu o tÃ­tulo para o MengÃ£o! P... | Instagram"
436,16456039,2,"Flamengo | Se Ã© Jogo HistÃ³rico, estÃ¡ na FlaTV+! Acesse agora: flatvmais.com.br #CRF | Instagram"
437,20139489,2,"Flamengo | ğŸ”´âš«ï¸ Garanta agora sua lembranÃ§a desse momento histÃ³rico! As camisas do MengÃ£o usadas na vitÃ³ria contra o Botafogo estÃ£o dispo... | Instagram"
438,15399089,2,"Flamengo | Hoje tem MengÃ£o na Copa Rio Sub-20!Os #GarotosDoNinho enfrentam o Fluminense, pelo primeiro jogo da semifinal! A bola rola Ã s 10h, na... | Instagram"
439,16662371,2,"Flamengo | Ã‰ amanhÃ£, NaÃ§Ã£o! O MENGÃƒO enfrenta o Volta Redonda, Ã s 16h, no MaracanÃ£, pelo Carioca! Acompanhe a transmissÃ£o em Ã¡udio da Fla... | Instagram"
440,13383049,2,"Flamengo | O melhor prÃ©-jogo e o melhor pÃ³s-jogo sÃ£o na FlaTV! Vem junto, NaÃ§Ã£o! O prÃ©-jogo (com imagens) de #PALxFLA comeÃ§a Ã s 13h na Fla... | Instagram"
441,16034364,2,"Flamengo | Ã‰ domingo, NaÃ§Ã£o! O MENGÃƒO enfrenta o Nova IguaÃ§u, Ã s 17h, no MaracanÃ£, pelo jogo de volta da final do @cariocao! Acompanhe a tr... | Instagram"
442,14109701,2,"Flamengo | Fim de jogo na GÃ¡vea!! ğŸ”´âš«ï¸Os #GarotosDoNinho vencem o Madureira de virada por 3 a 2, pela Copa Rio Sub-20! Lucas Silva, Adriel ... | Instagram"
443,16402609,2,"Ã‰ amanhÃ£, NaÃ§Ã£o! O MENGÃƒO enfrenta o Boavista, Ã s 21h30, no MaracanÃ£, pelo @cariocao! Acompanhe a transmissÃ£o em Ã¡udio da FlaT... | Instagram"
444,15039485,2,"Flamengo | AlÃ´, Floripa! Hoje Ã© o aniversÃ¡rio de 351 anos da capital catarinense! ParabÃ©ns para a belÃ­ssima cidade e para os rubro-negros locai... | Instagram"
445,16359814,2,"Flamengo | ğ‘½ ğ‘¨ ğ‘´ ğ‘¶ ğ‘º,  ğ‘­ ğ‘³ ğ‘¨ ğ‘´ ğ‘¬ ğ‘µ ğ‘® ğ‘¶ğŸ“¸ VÃ­tor Melo#VamosFlamengo #CRF | Instagram"
446,13123722,2,"Time Flamengo | FIIIIIMMMMMM DE JOGO! 1ï¸âƒ£1ï¸âƒ£âœ…O MengÃ£o domina do inÃ­cio ao fim e vence o Barueri, fora de casa, por 3 sets a 0. SÃ£o DOZE vi... | Instagram"
447,14813127,2,"Flamengo | Hoje tem MengÃ£o no BrasileirÃ£o Sub-20!Os #GarotosDoNinho enfrentam o Palmeiras, pela 3Âª rodada da competiÃ§Ã£ol! Os atuais campeÃµes... | Instagram"
448,13914490,2,"Flamengo | Ã‰ hoje, NaÃ§Ã£o!O MENGÃƒO enfrenta o Sampaio CorrÃªa (RJ), Ã s 21h30, em BelÃ©m, pelo Campeonato Carioca. Acompanhe a transmissÃ£o em ... | Instagram"
449,16518577,2,"Flamengo | TorÃ§a pelo MengÃ£o neste sÃ¡bado! ğŸŸï¸O Mais Querido enfrenta o Volta Redonda, no Maraca, em duelo atrasado da 3Âª rodada do Campeo... | Instagram"
450,19157410,2,"Time Flamengo | 1ï¸âƒ£5ï¸âƒ£ğŸCOM A VITÃ“RIA DE HOJE O #SESCRJFLAMENGO ATINGE A MARCA DE 15 VITÃ“RIAS CONSECUTIVAS NA SUPERLIGA! VAMOS, #FLAVÃ”LEI! | Instagram"
451,16456033,2,Time Flamengo | SETE VITÃ“RIAS EM SETE JOGOS NO MÃŠS PERFEITO DO #FLABASQUETE! ğŸ’¯ ğŸŸï¸ pras quartas da BCLA em flamengo.superingresso.com.br | Instagram"
452,18547564,2,Time Flamengo | FINAAAAL DE JOGOOOO! ğŸO #SescRJFlamengo vence o BluvÃ´lei por 3 sets a 1. Ã‰ o oitavo triunfo seguido do lÃ­der da Superliga. VAMOOO... | Instagram"
453,17730292,2,"Flamengo | .Seu lugar Ã© no Maraca! ğŸ”´âš« Os ingressos para o duelo Flamengo x Fluminense jÃ¡ estÃ£o disponÃ­veis para o nÃ­vel 3 do NaÃ§Ã£o SÃ³... | Instagram"
454,20180191,2,"Flamengo | Fim do primeiro tempo! Com gol de @oficial.wallace_yan, o MengÃ£o vai vencendo o Defensor (URU) por 1 a 0, pela Libertadores Sub-20! #G... | Instagram"
455,18377317,2,"Flamengo | O nosso ex-goleiro Gilmar Rinaldi, campeÃ£o carioca com o Manto em 1991 e brasileiro em 1992, faz aniversÃ¡rio neste sÃ¡bado. ParabÃ©ns, ... | Instagram"
456,18377304,2,"Flamengo | ğ™ğ™€Ì!ğŸ“¸ Gilvan de Souza/CRF#VamosFlamengo #CRF | Instagram"
457,13257131,2,"Flamengo | A venda de ingressos para o primeiro jogo da semifinal do Campeonato Carioca 2024 comeÃ§a nesta quinta-feira (07), Ã s 10h, para a Maior ... | Instagram"
